deliverable_id,discipline,project_phase,planned_value_usd,earned_value_usd,actual_cost_usd,completion_pct,planned_duration_days,actual_duration_days
DEL-10001,Civil & Structural,Construction & Erection,3048.55,468.7,539.91,15.4,89,98
DEL-10002,Instrumentation & Control,Construction & Erection,726.15,391.37,459.91,53.9,105,88
DEL-10003,Electrical,Construction & Erection,3534.13,3053.17,3493.14,86.4,63,66
DEL-10004,Mechanical Equipment,Pre-Commissioning,10206.49,7835.61,5673.76,76.8,101,111
DEL-10005,Piping & Layout,Engineering & Design,7556.05,6083.1,7416.05,80.5,49,57
DEL-10006,Piping & Layout,Engineering & Design,6922.62,4412.78,5600.25,63.7,108,122
DEL-10007,Piping & Layout,Construction & Erection,3928.47,3389.23,3279.7,86.3,61,61
DEL-10008,Instrumentation & Control,Procurement & Fabrication,1766.54,849.06,913.16,48.1,38,42
DEL-10009,Mechanical Equipment,Construction & Erection,7422.23,6907.77,6261.03,93.1,97,122
DEL-10010,Electrical,Construction & Erection,2521.41,1860.19,1390.94,73.8,74,56
DEL-10011,Piping & Layout,Engineering & Design,28205.64,14068.28,13072.14,49.9,107,110
DEL-10012,Instrumentation & Control,Construction & Erection,7757.43,612.5,587.37,7.9,91,100
DEL-10013,Electrical,Procurement & Fabrication,3088.63,2524.72,2491.33,81.7,62,54
DEL-10014,Piping & Layout,Procurement & Fabrication,3013.6,1847.44,1655.6,61.3,37,46
DEL-10015,Piping & Layout,Construction & Erection,4562.59,2311.1,2149.29,50.7,26,31
DEL-10016,Piping & Layout,Pre-Commissioning,4057.81,2223.22,2308.48,54.8,55,69
DEL-10017,Piping & Layout,Engineering & Design,12009.66,1984.01,1834.15,16.5,43,64
DEL-10018,Civil & Structural,Procurement & Fabrication,5705.2,1718.74,1927.62,30.1,84,95
DEL-10019,Civil & Structural,Construction & Erection,2737.21,2448.3,2796.57,89.4,65,65
DEL-10020,Piping & Layout,Construction & Erection,22300.24,19867.63,27756.23,89.1,37,46
DEL-10021,Mechanical Equipment,Construction & Erection,5112.51,1228.7,1485.32,24.0,45,42
DEL-10022,Piping & Layout,Engineering & Design,9091.29,6287.19,6767.95,69.2,35,40
DEL-10023,Piping & Layout,Engineering & Design,3021.23,1992.02,1886.37,65.9,38,48
DEL-10024,Civil & Structural,Procurement & Fabrication,6571.47,5115.21,5545.21,77.8,86,105
DEL-10025,Civil & Structural,Construction & Erection,6303.67,2886.68,3143.56,45.8,23,31
DEL-10026,Electrical,Engineering & Design,1083.86,870.6,838.39,80.3,36,36
DEL-10027,Piping & Layout,Engineering & Design,24642.31,19975.47,23122.8,81.1,18,22
DEL-10028,Civil & Structural,Pre-Commissioning,13801.27,11789.55,9788.69,85.4,91,98
DEL-10029,Mechanical Equipment,Engineering & Design,3576.87,3226.72,3237.5,90.2,112,124
DEL-10030,Piping & Layout,Pre-Commissioning,2034.86,846.16,950.56,41.6,17,19
DEL-10031,Mechanical Equipment,Construction & Erection,6490.2,5219.04,5202.66,80.4,115,134
DEL-10032,Piping & Layout,Construction & Erection,5267.75,1532.65,1546.42,29.1,42,44
DEL-10033,Piping & Layout,Engineering & Design,6532.44,5248.85,5350.32,80.4,104,81
DEL-10034,Instrumentation & Control,Engineering & Design,5728.8,4474.55,4092.69,78.1,112,122
DEL-10035,Instrumentation & Control,Construction & Erection,7368.67,4864.77,5915.98,66.0,29,33
DEL-10036,Electrical,Construction & Erection,15644.03,6640.6,5892.17,42.4,22,23
DEL-10037,Piping & Layout,Construction & Erection,7742.52,3533.91,3843.92,45.6,62,71
DEL-10038,Piping & Layout,Engineering & Design,2122.34,1515.0,1669.61,71.4,113,117
DEL-10039,Mechanical Equipment,Construction & Erection,14618.6,3308.28,2969.86,22.6,102,103
DEL-10040,Civil & Structural,Construction & Erection,18260.43,6223.77,6540.97,34.1,66,88
DEL-10041,Piping & Layout,Construction & Erection,61184.27,48948.88,44228.02,80.0,69,104
DEL-10042,Civil & Structural,Construction & Erection,2000.6,725.54,905.95,36.3,51,63
DEL-10043,Piping & Layout,Construction & Erection,5968.83,3485.07,3029.16,58.4,18,17
DEL-10044,Instrumentation & Control,Construction & Erection,929.2,740.43,697.42,79.7,69,76
DEL-10045,Piping & Layout,Engineering & Design,7650.45,4685.03,4012.1,61.2,26,28
DEL-10046,Mechanical Equipment,Procurement & Fabrication,3169.85,1184.25,990.45,37.4,33,39
DEL-10047,Piping & Layout,Engineering & Design,22896.9,11024.47,14096.79,48.1,93,102
DEL-10048,Civil & Structural,Procurement & Fabrication,2644.69,1573.7,1764.77,59.5,71,84
DEL-10049,Civil & Structural,Procurement & Fabrication,1272.39,1135.58,1204.9,89.2,108,153
DEL-10050,Piping & Layout,Engineering & Design,3371.08,3318.75,3124.65,98.4,51,35
DEL-10051,Instrumentation & Control,Procurement & Fabrication,1011.93,773.93,910.25,76.5,90,86
DEL-10052,Electrical,Engineering & Design,8963.17,869.84,797.1,9.7,97,121
DEL-10053,Instrumentation & Control,Construction & Erection,941.93,908.37,1052.85,96.4,112,118
DEL-10054,Instrumentation & Control,Pre-Commissioning,5027.94,3753.06,3411.99,74.6,21,25
DEL-10055,Mechanical Equipment,Engineering & Design,932.39,580.66,547.75,62.3,106,108
DEL-10056,Instrumentation & Control,Pre-Commissioning,3803.82,2302.25,2656.2,60.5,69,95
DEL-10057,Piping & Layout,Procurement & Fabrication,18300.85,14198.21,16605.86,77.6,42,54
DEL-10058,Piping & Layout,Engineering & Design,6558.51,2197.69,2482.56,33.5,107,120
DEL-10059,Piping & Layout,Engineering & Design,2463.17,815.65,719.85,33.1,51,71
DEL-10060,Piping & Layout,Procurement & Fabrication,4793.6,3127.53,3043.06,65.2,98,110
DEL-10061,Civil & Structural,Construction & Erection,4986.12,4750.08,5051.88,95.3,75,80
DEL-10062,Piping & Layout,Construction & Erection,7173.18,4748.94,4333.92,66.2,89,121
DEL-10063,Electrical,Engineering & Design,1646.67,480.92,599.05,29.2,53,41
DEL-10064,Civil & Structural,Engineering & Design,7895.54,603.23,422.26,7.6,37,40
DEL-10065,Piping & Layout,Procurement & Fabrication,564.81,175.29,161.82,31.0,66,75
DEL-10066,Civil & Structural,Engineering & Design,2969.33,1871.42,1803.24,63.0,98,100
DEL-10067,Piping & Layout,Engineering & Design,3325.52,1407.18,985.03,42.3,98,89
DEL-10068,Electrical,Engineering & Design,8157.24,6764.29,5618.18,82.9,25,26
DEL-10069,Piping & Layout,Construction & Erection,5004.56,1659.56,1881.6,33.2,80,61
DEL-10070,Instrumentation & Control,Pre-Commissioning,1596.47,917.83,958.71,57.5,27,37
DEL-10071,Electrical,Procurement & Fabrication,2235.02,2107.7,2689.36,94.3,91,126
DEL-10072,Piping & Layout,Pre-Commissioning,5761.45,1981.73,2520.34,34.4,55,59
DEL-10073,Piping & Layout,Procurement & Fabrication,4613.52,2288.91,2529.15,49.6,63,63
DEL-10074,Electrical,Procurement & Fabrication,3092.39,1463.56,1590.87,47.3,29,22
DEL-10075,Electrical,Engineering & Design,3345.37,1826.13,1917.24,54.6,70,65
DEL-10076,Electrical,Construction & Erection,8577.81,5300.85,3710.59,61.8,68,92
DEL-10077,Electrical,Pre-Commissioning,3248.17,448.28,372.44,13.8,45,48
DEL-10078,Piping & Layout,Construction & Erection,4580.33,1253.02,1322.06,27.4,75,72
DEL-10079,Civil & Structural,Procurement & Fabrication,27887.93,12063.13,13660.34,43.3,72,77
DEL-10080,Piping & Layout,Construction & Erection,1573.49,711.63,771.01,45.2,101,96
DEL-10081,Instrumentation & Control,Engineering & Design,1117.14,929.52,842.27,83.2,74,55
DEL-10082,Mechanical Equipment,Construction & Erection,9199.2,8385.37,9899.86,91.2,67,67
DEL-10083,Piping & Layout,Procurement & Fabrication,2855.74,2272.42,2868.63,79.6,100,85
DEL-10084,Piping & Layout,Procurement & Fabrication,3810.1,1106.31,1306.22,29.0,75,86
DEL-10085,Piping & Layout,Construction & Erection,2630.88,2487.71,2956.49,94.6,94,117
DEL-10086,Piping & Layout,Construction & Erection,3992.45,3028.29,2895.4,75.9,56,51
DEL-10087,Electrical,Engineering & Design,17655.99,11350.34,13636.18,64.3,43,47
DEL-10088,Mechanical Equipment,Construction & Erection,9336.65,4673.69,4962.82,50.1,98,104
DEL-10089,Instrumentation & Control,Engineering & Design,9796.48,1409.54,1574.08,14.4,106,97
DEL-10090,Civil & Structural,Construction & Erection,1582.91,712.62,780.19,45.0,41,25
DEL-10091,Piping & Layout,Construction & Erection,1956.82,1893.51,1934.74,96.8,58,50
DEL-10092,Electrical,Construction & Erection,507.11,182.72,166.46,36.0,107,97
DEL-10093,Electrical,Construction & Erection,2572.14,1961.08,2015.36,76.2,19,21
DEL-10094,Mechanical Equipment,Procurement & Fabrication,10565.64,7012.9,8331.42,66.4,66,73
DEL-10095,Electrical,Engineering & Design,7432.05,5657.46,5509.11,76.1,116,152
DEL-10096,Civil & Structural,Construction & Erection,4116.63,3208.81,3767.15,77.9,67,57
DEL-10097,Civil & Structural,Engineering & Design,4827.87,1099.06,1264.54,22.8,66,59
DEL-10098,Civil & Structural,Procurement & Fabrication,2832.43,2356.57,2345.16,83.2,52,48
DEL-10099,Piping & Layout,Engineering & Design,5789.53,3145.65,3926.78,54.3,58,59
DEL-10100,Piping & Layout,Engineering & Design,9069.77,5642.34,5567.11,62.2,67,74
DEL-10101,Piping & Layout,Construction & Erection,1349.23,580.43,735.07,43.0,16,18
DEL-10102,Mechanical Equipment,Engineering & Design,6246.13,5193.84,5739.81,83.2,68,46
DEL-10103,Piping & Layout,Construction & Erection,10362.49,9755.45,10122.45,94.1,98,127
DEL-10104,Civil & Structural,Procurement & Fabrication,3526.0,1821.08,1651.41,51.6,91,105
DEL-10105,Instrumentation & Control,Engineering & Design,8608.97,4852.76,4982.62,56.4,104,129
DEL-10106,Piping & Layout,Procurement & Fabrication,46710.47,38180.2,38540.47,81.7,49,29
DEL-10107,Civil & Structural,Engineering & Design,4521.17,1132.58,964.11,25.1,60,74
DEL-10108,Electrical,Engineering & Design,6732.12,5475.39,5515.68,81.3,86,74
DEL-10109,Piping & Layout,Construction & Erection,2723.18,2397.19,2204.05,88.0,106,103
DEL-10110,Piping & Layout,Engineering & Design,5681.67,3011.95,3397.18,53.0,119,160
DEL-10111,Piping & Layout,Construction & Erection,7102.61,6539.9,8082.94,92.1,93,111
DEL-10112,Piping & Layout,Engineering & Design,5743.79,4912.14,4204.61,85.5,69,64
DEL-10113,Instrumentation & Control,Engineering & Design,2173.83,1156.29,1499.53,53.2,86,105
DEL-10114,Electrical,Construction & Erection,5796.96,1690.66,1725.68,29.2,25,28
DEL-10115,Mechanical Equipment,Procurement & Fabrication,15831.5,4578.7,4092.2,28.9,43,42
DEL-10116,Instrumentation & Control,Engineering & Design,7036.8,5579.71,6437.1,79.3,83,96
DEL-10117,Electrical,Procurement & Fabrication,10610.4,9302.09,9051.23,87.7,77,76
DEL-10118,Piping & Layout,Engineering & Design,4065.9,2131.11,2190.23,52.4,61,69
DEL-10119,Instrumentation & Control,Construction & Erection,8954.58,4586.48,4491.81,51.2,21,24
DEL-10120,Civil & Structural,Procurement & Fabrication,6145.12,4341.77,3983.53,70.7,78,91
DEL-10121,Electrical,Construction & Erection,2296.8,2030.33,2332.04,88.4,96,139
DEL-10122,Instrumentation & Control,Construction & Erection,6341.16,4223.2,4210.77,66.6,78,97
DEL-10123,Piping & Layout,Procurement & Fabrication,2223.07,2172.17,1790.96,97.7,106,134
DEL-10124,Piping & Layout,Pre-Commissioning,2962.22,2395.01,2688.78,80.9,26,25
DEL-10125,Piping & Layout,Procurement & Fabrication,5718.5,1093.11,939.16,19.1,26,20
DEL-10126,Civil & Structural,Pre-Commissioning,6234.14,4247.38,3682.53,68.1,50,51
DEL-10127,Electrical,Engineering & Design,1898.11,1550.81,1890.27,81.7,43,41
DEL-10128,Instrumentation & Control,Construction & Erection,11420.77,6524.46,5614.62,57.1,25,29
DEL-10129,Piping & Layout,Procurement & Fabrication,7766.73,4441.56,3109.09,57.2,67,68
DEL-10130,Civil & Structural,Procurement & Fabrication,2796.76,291.8,330.74,10.4,84,111
DEL-10131,Civil & Structural,Construction & Erection,1436.45,702.58,698.66,48.9,99,71
DEL-10132,Piping & Layout,Construction & Erection,4376.81,1887.09,1900.96,43.1,88,88
DEL-10133,Piping & Layout,Engineering & Design,3440.06,1848.42,1835.16,53.7,110,125
DEL-10134,Piping & Layout,Engineering & Design,5380.37,3003.4,3227.91,55.8,61,53
DEL-10135,Instrumentation & Control,Construction & Erection,3675.73,2781.19,2578.42,75.7,47,58
DEL-10136,Piping & Layout,Construction & Erection,986.37,130.19,164.23,13.2,95,117
DEL-10137,Civil & Structural,Pre-Commissioning,3602.28,3500.2,2865.15,97.2,81,79
DEL-10138,Electrical,Construction & Erection,3848.75,3052.47,3378.27,79.3,57,91
DEL-10139,Civil & Structural,Pre-Commissioning,8159.42,7626.87,8666.55,93.5,32,27
DEL-10140,Instrumentation & Control,Construction & Erection,2811.41,1197.81,1109.24,42.6,88,70
DEL-10141,Instrumentation & Control,Engineering & Design,18824.98,15149.65,13429.26,80.5,67,65
DEL-10142,Piping & Layout,Engineering & Design,1064.95,759.13,905.32,71.3,119,131
DEL-10143,Civil & Structural,Construction & Erection,14029.73,7168.11,6389.44,51.1,53,39
DEL-10144,Piping & Layout,Construction & Erection,4107.4,1677.63,1592.07,40.8,86,102
DEL-10145,Piping & Layout,Engineering & Design,9775.83,3551.71,4166.5,36.3,48,74
DEL-10146,Piping & Layout,Procurement & Fabrication,5238.77,3429.66,3584.72,65.5,51,40
DEL-10147,Mechanical Equipment,Pre-Commissioning,12229.97,5466.43,4211.49,44.7,55,60
DEL-10148,Civil & Structural,Procurement & Fabrication,3605.12,3548.52,4620.38,98.4,111,139
DEL-10149,Piping & Layout,Procurement & Fabrication,2040.81,1421.59,1365.44,69.7,63,76
DEL-10150,Piping & Layout,Procurement & Fabrication,15312.17,1176.87,1152.85,7.7,24,36
DEL-10151,Instrumentation & Control,Engineering & Design,4488.24,2244.82,2420.75,50.0,54,52
DEL-10152,Piping & Layout,Procurement & Fabrication,5867.87,3098.91,3513.42,52.8,32,47
DEL-10153,Piping & Layout,Procurement & Fabrication,13197.75,6613.86,8823.99,50.1,39,41
DEL-10154,Civil & Structural,Engineering & Design,2152.61,1243.12,983.3,57.7,55,53
DEL-10155,Instrumentation & Control,Construction & Erection,7914.03,2068.47,2407.48,26.1,50,72
DEL-10156,Piping & Layout,Procurement & Fabrication,3065.86,2239.8,2579.02,73.1,16,16
DEL-10157,Mechanical Equipment,Construction & Erection,4421.63,2937.0,2994.05,66.4,97,124
DEL-10158,Electrical,Construction & Erection,5207.33,2151.7,2491.86,41.3,88,85
DEL-10159,Piping & Layout,Engineering & Design,1480.04,1071.65,1264.69,72.4,63,51
DEL-10160,Electrical,Construction & Erection,2635.77,1388.56,1156.26,52.7,81,65
DEL-10161,Civil & Structural,Procurement & Fabrication,14484.85,10485.74,13657.3,72.4,67,80
DEL-10162,Mechanical Equipment,Construction & Erection,9986.14,2149.25,1732.69,21.5,33,28
DEL-10163,Mechanical Equipment,Engineering & Design,4674.55,4486.3,3901.74,96.0,40,41
DEL-10164,Civil & Structural,Construction & Erection,5969.98,1483.76,1484.84,24.9,68,63
DEL-10165,Piping & Layout,Construction & Erection,3883.94,1576.19,2094.34,40.6,65,57
DEL-10166,Electrical,Engineering & Design,14548.84,3492.01,3470.22,24.0,39,35
DEL-10167,Piping & Layout,Engineering & Design,4186.91,1580.57,1636.22,37.8,31,34
DEL-10168,Piping & Layout,Construction & Erection,5916.34,3712.2,4658.11,62.7,88,41
DEL-10169,Piping & Layout,Construction & Erection,12293.48,686.1,682.64,5.6,75,92
DEL-10170,Mechanical Equipment,Procurement & Fabrication,2638.86,2191.9,1892.12,83.1,60,48
DEL-10171,Mechanical Equipment,Construction & Erection,17103.38,11891.45,11622.88,69.5,69,57
DEL-10172,Piping & Layout,Procurement & Fabrication,1444.66,461.54,574.9,31.9,64,49
DEL-10173,Civil & Structural,Construction & Erection,18100.84,4571.52,4802.98,25.3,89,99
DEL-10174,Piping & Layout,Engineering & Design,3647.73,2454.47,3263.47,67.3,25,34
DEL-10175,Mechanical Equipment,Construction & Erection,4047.44,3004.7,3457.48,74.2,26,27
DEL-10176,Piping & Layout,Engineering & Design,1083.54,455.44,429.61,42.0,54,62
DEL-10177,Mechanical Equipment,Procurement & Fabrication,3415.79,1443.15,1511.94,42.2,62,72
DEL-10178,Civil & Structural,Engineering & Design,2139.13,254.39,232.01,11.9,70,85
DEL-10179,Instrumentation & Control,Engineering & Design,3022.63,2664.87,2504.27,88.2,22,19
DEL-10180,Piping & Layout,Procurement & Fabrication,4403.48,2531.22,4049.95,57.5,102,141
DEL-10181,Piping & Layout,Engineering & Design,10574.84,7122.85,8496.09,67.4,28,28
DEL-10182,Piping & Layout,Construction & Erection,5802.72,992.04,1159.86,17.1,101,113
DEL-10183,Instrumentation & Control,Engineering & Design,6286.38,2313.65,2189.92,36.8,70,72
DEL-10184,Instrumentation & Control,Procurement & Fabrication,2045.88,294.3,375.36,14.4,68,66
DEL-10185,Piping & Layout,Procurement & Fabrication,2429.39,1756.94,2116.96,72.3,114,142
DEL-10186,Mechanical Equipment,Engineering & Design,20722.6,16372.26,21648.11,79.0,31,37
DEL-10187,Electrical,Engineering & Design,2729.41,1568.31,2062.27,57.5,59,37
DEL-10188,Mechanical Equipment,Procurement & Fabrication,18489.65,13049.93,10676.63,70.6,19,22
DEL-10189,Civil & Structural,Procurement & Fabrication,4046.27,2608.19,2278.32,64.5,17,25
DEL-10190,Piping & Layout,Procurement & Fabrication,4923.77,3840.47,3415.83,78.0,23,25
DEL-10191,Piping & Layout,Procurement & Fabrication,11571.4,8942.01,8033.58,77.3,98,94
DEL-10192,Instrumentation & Control,Construction & Erection,13595.77,2237.35,2435.4,16.5,34,33
DEL-10193,Instrumentation & Control,Engineering & Design,4497.83,1857.95,1774.31,41.3,97,92
DEL-10194,Mechanical Equipment,Procurement & Fabrication,3602.58,2382.42,3218.39,66.1,35,29
DEL-10195,Piping & Layout,Pre-Commissioning,4699.75,2239.24,2968.56,47.6,94,96
DEL-10196,Piping & Layout,Procurement & Fabrication,6440.53,2348.59,2440.26,36.5,47,48
DEL-10197,Electrical,Construction & Erection,10027.06,7508.96,10011.69,74.9,19,22
DEL-10198,Instrumentation & Control,Procurement & Fabrication,4931.43,1746.14,2205.76,35.4,38,36
DEL-10199,Instrumentation & Control,Construction & Erection,8063.55,5106.86,4965.88,63.3,77,113
DEL-10200,Electrical,Construction & Erection,18227.52,8453.28,6243.74,46.4,93,81
DEL-10201,Mechanical Equipment,Procurement & Fabrication,6667.82,2094.89,2110.2,31.4,40,44
DEL-10202,Piping & Layout,Pre-Commissioning,6306.41,3193.11,3012.08,50.6,103,94
DEL-10203,Piping & Layout,Engineering & Design,1458.07,1099.58,1177.63,75.4,106,101
DEL-10204,Instrumentation & Control,Engineering & Design,599.09,225.04,237.06,37.6,47,47
DEL-10205,Mechanical Equipment,Construction & Erection,6705.62,4604.77,4832.49,68.7,32,35
DEL-10206,Piping & Layout,Construction & Erection,4555.73,2731.11,3054.89,59.9,32,39
DEL-10207,Piping & Layout,Engineering & Design,3255.74,556.16,477.25,17.1,52,50
DEL-10208,Mechanical Equipment,Engineering & Design,5971.92,883.96,973.86,14.8,47,36
DEL-10209,Piping & Layout,Engineering & Design,4682.92,1815.53,1768.43,38.8,41,55
DEL-10210,Piping & Layout,Engineering & Design,12115.3,2561.33,2740.61,21.1,63,54
DEL-10211,Civil & Structural,Construction & Erection,5265.28,5219.77,6178.18,99.1,64,65
DEL-10212,Mechanical Equipment,Procurement & Fabrication,2703.93,2257.49,1933.18,83.5,29,31
DEL-10213,Mechanical Equipment,Procurement & Fabrication,10852.31,5211.15,5199.71,48.0,91,95
DEL-10214,Piping & Layout,Procurement & Fabrication,4131.08,1997.08,2041.45,48.3,66,51
DEL-10215,Electrical,Engineering & Design,7489.29,3565.22,3432.81,47.6,112,138
DEL-10216,Piping & Layout,Engineering & Design,3354.55,2629.9,3090.07,78.4,82,41
DEL-10217,Piping & Layout,Construction & Erection,2922.34,1659.61,1546.66,56.8,113,142
DEL-10218,Electrical,Pre-Commissioning,5257.1,2955.74,2827.72,56.2,33,43
DEL-10219,Mechanical Equipment,Construction & Erection,4965.47,3967.88,3704.06,79.9,109,135
DEL-10220,Electrical,Engineering & Design,7214.6,2775.75,3341.47,38.5,39,39
DEL-10221,Mechanical Equipment,Construction & Erection,3964.3,550.6,531.95,13.9,118,128
DEL-10222,Mechanical Equipment,Construction & Erection,1131.06,938.89,1041.24,83.0,90,83
DEL-10223,Piping & Layout,Construction & Erection,3476.5,2485.72,3321.8,71.5,90,97
DEL-10224,Civil & Structural,Procurement & Fabrication,9274.79,6585.06,6774.56,71.0,39,46
DEL-10225,Piping & Layout,Procurement & Fabrication,3874.22,3100.57,3741.79,80.0,47,40
DEL-10226,Piping & Layout,Procurement & Fabrication,4035.53,3103.79,4006.08,76.9,74,76
DEL-10227,Instrumentation & Control,Engineering & Design,10819.46,3998.39,4774.39,37.0,51,49
DEL-10228,Civil & Structural,Engineering & Design,2780.6,563.53,584.65,20.3,106,137
DEL-10229,Instrumentation & Control,Engineering & Design,1430.47,1195.17,1358.09,83.6,57,50
DEL-10230,Mechanical Equipment,Procurement & Fabrication,4322.09,2431.4,2059.14,56.3,23,27
DEL-10231,Electrical,Construction & Erection,3336.44,118.96,109.8,3.6,28,29
DEL-10232,Civil & Structural,Procurement & Fabrication,2268.79,1596.68,1515.73,70.4,17,18
DEL-10233,Mechanical Equipment,Engineering & Design,4271.4,1029.0,1416.0,24.1,83,99
DEL-10234,Civil & Structural,Pre-Commissioning,7282.32,3066.63,2815.52,42.1,70,69
DEL-10235,Piping & Layout,Pre-Commissioning,4878.38,2388.3,2187.4,49.0,40,43
DEL-10236,Electrical,Construction & Erection,6282.89,3878.36,3426.19,61.7,67,86
DEL-10237,Piping & Layout,Pre-Commissioning,20967.44,20206.72,22711.79,96.4,55,50
DEL-10238,Piping & Layout,Procurement & Fabrication,3735.72,715.76,759.7,19.2,96,107
DEL-10239,Mechanical Equipment,Pre-Commissioning,6140.61,4394.96,5287.2,71.6,116,143
DEL-10240,Piping & Layout,Engineering & Design,3270.27,1725.75,1968.55,52.8,35,40
DEL-10241,Instrumentation & Control,Procurement & Fabrication,2497.17,951.22,792.31,38.1,53,70
DEL-10242,Instrumentation & Control,Engineering & Design,3078.12,2288.37,2102.8,74.3,94,97
DEL-10243,Instrumentation & Control,Engineering & Design,3350.93,2175.45,2708.0,64.9,118,141
DEL-10244,Civil & Structural,Engineering & Design,6552.36,2009.25,2028.34,30.7,37,47
DEL-10245,Piping & Layout,Construction & Erection,32185.16,24206.54,29486.92,75.2,107,77
DEL-10246,Instrumentation & Control,Construction & Erection,2771.56,1671.66,1701.0,60.3,88,86
DEL-10247,Civil & Structural,Construction & Erection,3521.7,3021.87,2704.13,85.8,72,82
DEL-10248,Instrumentation & Control,Engineering & Design,4672.74,3305.74,3287.59,70.7,83,103
DEL-10249,Instrumentation & Control,Construction & Erection,6745.56,4896.14,4381.03,72.6,89,99
DEL-10250,Instrumentation & Control,Construction & Erection,6068.34,3030.36,2894.5,49.9,43,58
DEL-10251,Piping & Layout,Procurement & Fabrication,13729.15,12601.4,13485.24,91.8,76,72
DEL-10252,Civil & Structural,Construction & Erection,705.49,409.64,457.46,58.1,67,54
DEL-10253,Instrumentation & Control,Engineering & Design,728.11,80.68,64.67,11.1,59,72
DEL-10254,Piping & Layout,Procurement & Fabrication,3305.35,1904.26,1975.47,57.6,41,43
DEL-10255,Piping & Layout,Pre-Commissioning,11823.45,8535.29,8125.66,72.2,48,43
DEL-10256,Mechanical Equipment,Engineering & Design,1404.56,693.28,653.58,49.4,28,39
DEL-10257,Instrumentation & Control,Procurement & Fabrication,443.14,176.8,187.39,39.9,55,67
DEL-10258,Mechanical Equipment,Construction & Erection,7761.6,4601.88,4405.98,59.3,88,105
DEL-10259,Mechanical Equipment,Construction & Erection,5972.53,774.08,965.53,13.0,74,102
DEL-10260,Piping & Layout,Engineering & Design,2054.59,1637.03,1994.24,79.7,56,55
DEL-10261,Mechanical Equipment,Engineering & Design,2234.04,1432.21,1743.39,64.1,65,87
DEL-10262,Instrumentation & Control,Engineering & Design,2262.45,2192.67,2117.6,96.9,89,102
DEL-10263,Piping & Layout,Construction & Erection,5369.17,4283.31,3836.24,79.8,25,24
DEL-10264,Civil & Structural,Procurement & Fabrication,2977.82,1491.12,1569.11,50.1,49,52
DEL-10265,Instrumentation & Control,Engineering & Design,7297.24,2876.12,2926.3,39.4,33,36
DEL-10266,Electrical,Pre-Commissioning,500.85,405.74,384.91,81.0,102,131
DEL-10267,Mechanical Equipment,Procurement & Fabrication,2476.29,1979.44,1709.53,79.9,79,62
DEL-10268,Electrical,Engineering & Design,1996.51,636.22,657.71,31.9,90,64
DEL-10269,Civil & Structural,Procurement & Fabrication,4003.51,1448.62,1418.76,36.2,75,68
DEL-10270,Piping & Layout,Construction & Erection,3195.7,2945.29,3367.21,92.2,61,64
DEL-10271,Electrical,Engineering & Design,9304.7,6271.02,7147.5,67.4,28,34
DEL-10272,Electrical,Engineering & Design,1110.46,629.23,758.3,56.7,81,78
DEL-10273,Instrumentation & Control,Construction & Erection,5096.93,3067.89,2611.1,60.2,66,75
DEL-10274,Instrumentation & Control,Procurement & Fabrication,7682.26,6671.4,7339.6,86.8,46,64
DEL-10275,Civil & Structural,Procurement & Fabrication,21705.43,11077.07,10311.42,51.0,94,68
DEL-10276,Civil & Structural,Procurement & Fabrication,3342.88,2027.86,1737.75,60.7,116,120
DEL-10277,Electrical,Engineering & Design,6371.35,2576.81,2514.22,40.4,24,37
DEL-10278,Mechanical Equipment,Engineering & Design,1160.85,382.06,458.59,32.9,31,28
DEL-10279,Electrical,Procurement & Fabrication,725.19,398.63,392.31,55.0,54,48
DEL-10280,Electrical,Engineering & Design,9660.68,9596.5,12233.79,99.3,82,95
DEL-10281,Instrumentation & Control,Engineering & Design,4892.96,3291.82,3694.51,67.3,77,73
DEL-10282,Piping & Layout,Construction & Erection,12617.12,9571.57,9388.62,75.9,29,37
DEL-10283,Civil & Structural,Pre-Commissioning,1638.08,487.09,591.33,29.7,111,173
DEL-10284,Piping & Layout,Construction & Erection,7449.65,5371.19,5944.88,72.1,53,57
DEL-10285,Mechanical Equipment,Construction & Erection,21917.8,15469.79,13924.61,70.6,71,114
DEL-10286,Piping & Layout,Engineering & Design,6875.81,3631.67,4789.52,52.8,24,23
DEL-10287,Civil & Structural,Pre-Commissioning,6131.93,4871.01,5255.43,79.4,85,87
DEL-10288,Civil & Structural,Engineering & Design,4948.53,4776.04,4980.55,96.5,111,96
DEL-10289,Piping & Layout,Pre-Commissioning,1398.69,756.53,689.7,54.1,31,30
DEL-10290,Mechanical Equipment,Pre-Commissioning,14537.09,10583.96,12879.95,72.8,90,91
DEL-10291,Piping & Layout,Construction & Erection,3014.88,2561.22,2862.4,85.0,31,35
DEL-10292,Piping & Layout,Pre-Commissioning,7358.32,7026.62,7970.9,95.5,30,24
DEL-10293,Electrical,Construction & Erection,1407.5,1066.12,1027.61,75.7,92,88
DEL-10294,Civil & Structural,Engineering & Design,1913.01,1550.81,1806.87,81.1,17,16
DEL-10295,Piping & Layout,Procurement & Fabrication,15491.86,10280.9,12098.28,66.4,65,81
DEL-10296,Civil & Structural,Construction & Erection,3722.53,2811.15,2641.6,75.5,108,117
DEL-10297,Electrical,Engineering & Design,15718.92,7965.4,6590.98,50.7,60,65
DEL-10298,Piping & Layout,Construction & Erection,4616.61,3217.31,3626.58,69.7,69,74
DEL-10299,Mechanical Equipment,Pre-Commissioning,1126.06,527.18,423.85,46.8,119,85
DEL-10300,Piping & Layout,Engineering & Design,10033.19,8122.81,8632.94,81.0,113,156
DEL-10301,Piping & Layout,Construction & Erection,3065.87,961.18,935.15,31.4,40,35
DEL-10302,Civil & Structural,Pre-Commissioning,8595.13,5781.16,7069.2,67.3,90,111
DEL-10303,Civil & Structural,Pre-Commissioning,5014.9,2257.55,2214.82,45.0,45,46
DEL-10304,Mechanical Equipment,Pre-Commissioning,1430.11,761.43,918.36,53.2,95,89
DEL-10305,Electrical,Procurement & Fabrication,5605.12,5312.18,5114.93,94.8,115,146
DEL-10306,Instrumentation & Control,Pre-Commissioning,28480.6,23242.46,27658.49,81.6,86,71
DEL-10307,Civil & Structural,Construction & Erection,7290.95,2488.07,3356.53,34.1,33,28
DEL-10308,Piping & Layout,Engineering & Design,4693.74,3781.1,3326.59,80.6,104,114
DEL-10309,Electrical,Procurement & Fabrication,11617.58,9715.94,10530.19,83.6,82,90
DEL-10310,Piping & Layout,Construction & Erection,5816.97,3753.49,5451.25,64.5,29,35
DEL-10311,Civil & Structural,Engineering & Design,5811.69,4921.0,5166.99,84.7,72,87
DEL-10312,Piping & Layout,Construction & Erection,2052.27,1275.43,1338.27,62.1,92,96
DEL-10313,Piping & Layout,Construction & Erection,5925.84,2669.99,3092.58,45.1,44,48
DEL-10314,Instrumentation & Control,Engineering & Design,11252.6,5546.58,5802.63,49.3,62,64
DEL-10315,Electrical,Construction & Erection,2517.82,1719.84,1348.21,68.3,70,94
DEL-10316,Mechanical Equipment,Construction & Erection,15361.15,12203.35,14764.14,79.4,56,48
DEL-10317,Civil & Structural,Procurement & Fabrication,4567.11,2393.49,1770.13,52.4,38,41
DEL-10318,Piping & Layout,Engineering & Design,2415.8,1232.92,1205.16,51.0,66,80
DEL-10319,Piping & Layout,Engineering & Design,10917.32,3725.02,4548.68,34.1,57,73
DEL-10320,Piping & Layout,Procurement & Fabrication,3907.15,2117.48,2088.93,54.2,48,44
DEL-10321,Civil & Structural,Pre-Commissioning,9023.72,4670.57,4371.4,51.8,74,64
DEL-10322,Electrical,Engineering & Design,3891.67,1807.32,2117.98,46.4,97,79
DEL-10323,Mechanical Equipment,Construction & Erection,4685.08,1107.74,1010.63,23.6,17,17
DEL-10324,Piping & Layout,Engineering & Design,7294.3,6497.6,5566.28,89.1,82,91
DEL-10325,Instrumentation & Control,Procurement & Fabrication,6202.56,5938.63,6420.71,95.7,25,24
DEL-10326,Electrical,Construction & Erection,995.83,413.39,418.59,41.5,27,32
DEL-10327,Mechanical Equipment,Construction & Erection,2004.21,1464.52,1249.9,73.1,64,67
DEL-10328,Mechanical Equipment,Engineering & Design,10337.44,3800.43,4315.55,36.8,96,113
DEL-10329,Civil & Structural,Procurement & Fabrication,4421.75,1727.15,1916.57,39.1,33,36
DEL-10330,Piping & Layout,Engineering & Design,3232.51,138.29,136.36,4.3,58,42
DEL-10331,Civil & Structural,Procurement & Fabrication,1657.62,719.38,716.72,43.4,47,39
DEL-10332,Electrical,Construction & Erection,2071.88,1438.6,1597.65,69.4,52,67
DEL-10333,Piping & Layout,Engineering & Design,975.12,494.86,603.02,50.7,17,15
DEL-10334,Piping & Layout,Engineering & Design,4532.26,2635.26,2628.88,58.1,113,139
DEL-10335,Piping & Layout,Procurement & Fabrication,3044.98,2533.8,2883.98,83.2,79,86
DEL-10336,Piping & Layout,Pre-Commissioning,2268.17,1305.87,1468.82,57.6,49,42
DEL-10337,Instrumentation & Control,Pre-Commissioning,4654.09,1732.35,2030.13,37.2,50,60
DEL-10338,Electrical,Engineering & Design,6575.96,5133.26,5368.86,78.1,52,50
DEL-10339,Civil & Structural,Construction & Erection,26227.36,11084.4,10010.89,42.3,53,58
DEL-10340,Piping & Layout,Procurement & Fabrication,1466.29,1380.39,1339.84,94.1,39,40
DEL-10341,Civil & Structural,Procurement & Fabrication,12425.48,6161.56,6724.89,49.6,78,40
DEL-10342,Civil & Structural,Construction & Erection,10705.16,2870.5,3768.31,26.8,118,141
DEL-10343,Piping & Layout,Pre-Commissioning,2635.23,1311.55,1268.79,49.8,27,33
DEL-10344,Civil & Structural,Pre-Commissioning,5782.48,3839.06,4456.07,66.4,82,79
DEL-10345,Civil & Structural,Construction & Erection,3408.04,3066.26,3038.03,90.0,84,100
DEL-10346,Mechanical Equipment,Procurement & Fabrication,5701.88,2658.85,2809.26,46.6,89,79
DEL-10347,Mechanical Equipment,Construction & Erection,16437.24,3848.13,4876.77,23.4,15,13
DEL-10348,Piping & Layout,Engineering & Design,7978.33,2135.49,2465.73,26.8,86,95
DEL-10349,Civil & Structural,Construction & Erection,7382.64,1515.08,1293.58,20.5,68,63
DEL-10350,Mechanical Equipment,Procurement & Fabrication,3483.36,2463.99,2350.96,70.7,112,116
DEL-10351,Civil & Structural,Construction & Erection,1499.3,716.57,880.25,47.8,118,103
DEL-10352,Instrumentation & Control,Engineering & Design,4159.81,3036.4,3222.47,73.0,23,18
DEL-10353,Mechanical Equipment,Engineering & Design,12903.92,10558.15,9161.03,81.8,50,55
DEL-10354,Piping & Layout,Pre-Commissioning,1448.47,652.95,598.86,45.1,117,129
DEL-10355,Piping & Layout,Engineering & Design,2113.14,1782.86,2042.31,84.4,51,54
DEL-10356,Mechanical Equipment,Procurement & Fabrication,5437.17,586.62,697.59,10.8,73,73
DEL-10357,Piping & Layout,Engineering & Design,2235.63,1461.93,1524.33,65.4,35,32
DEL-10358,Mechanical Equipment,Engineering & Design,2607.07,2069.88,2921.21,79.4,34,29
DEL-10359,Instrumentation & Control,Engineering & Design,3502.11,1688.56,1964.85,48.2,116,97
DEL-10360,Mechanical Equipment,Engineering & Design,1648.31,716.59,719.08,43.5,15,14
DEL-10361,Civil & Structural,Construction & Erection,2254.54,2030.22,1863.02,90.1,113,143
DEL-10362,Mechanical Equipment,Engineering & Design,8627.78,2719.28,2430.4,31.5,73,81
DEL-10363,Civil & Structural,Pre-Commissioning,1726.94,1053.76,1148.93,61.0,42,48
DEL-10364,Civil & Structural,Construction & Erection,1368.82,489.92,473.6,35.8,85,69
DEL-10365,Instrumentation & Control,Procurement & Fabrication,2969.0,1474.58,1903.77,49.7,70,77
DEL-10366,Civil & Structural,Construction & Erection,8826.95,3115.6,3925.49,35.3,23,26
DEL-10367,Instrumentation & Control,Procurement & Fabrication,4198.42,3993.5,4532.46,95.1,79,109
DEL-10368,Instrumentation & Control,Construction & Erection,3389.15,1274.68,1100.24,37.6,50,53
DEL-10369,Piping & Layout,Engineering & Design,5092.31,1794.96,1685.77,35.2,112,110
DEL-10370,Piping & Layout,Procurement & Fabrication,1216.14,875.23,1075.09,72.0,48,44
DEL-10371,Piping & Layout,Construction & Erection,7300.98,4210.77,4023.56,57.7,95,102
DEL-10372,Piping & Layout,Pre-Commissioning,6679.16,2970.2,3588.96,44.5,46,47
DEL-10373,Piping & Layout,Construction & Erection,3542.38,1503.37,1670.53,42.4,80,103
DEL-10374,Mechanical Equipment,Procurement & Fabrication,10989.98,6899.03,7228.51,62.8,114,141
DEL-10375,Piping & Layout,Construction & Erection,1994.21,791.84,740.03,39.7,39,34
DEL-10376,Piping & Layout,Procurement & Fabrication,12116.55,9040.44,9274.25,74.6,65,69
DEL-10377,Electrical,Procurement & Fabrication,5561.34,3988.26,4261.24,71.7,77,119
DEL-10378,Piping & Layout,Engineering & Design,3754.68,2553.22,3050.79,68.0,104,80
DEL-10379,Electrical,Construction & Erection,4837.25,2744.39,2489.54,56.7,59,60
DEL-10380,Piping & Layout,Engineering & Design,4510.61,2394.6,2395.98,53.1,40,48
DEL-10381,Piping & Layout,Procurement & Fabrication,13045.86,7043.75,7372.86,54.0,35,35
DEL-10382,Mechanical Equipment,Construction & Erection,2076.95,1233.0,1404.89,59.4,96,96
DEL-10383,Mechanical Equipment,Engineering & Design,2670.4,2463.13,2226.01,92.2,107,103
DEL-10384,Instrumentation & Control,Engineering & Design,11260.34,3268.56,2753.81,29.0,65,55
DEL-10385,Electrical,Engineering & Design,3052.06,1350.08,1540.57,44.2,38,39
DEL-10386,Electrical,Pre-Commissioning,10101.37,4237.49,3442.14,41.9,106,134
DEL-10387,Piping & Layout,Procurement & Fabrication,19140.25,12631.01,15570.84,66.0,26,21
DEL-10388,Piping & Layout,Procurement & Fabrication,3563.73,3214.75,3268.15,90.2,25,28
DEL-10389,Electrical,Construction & Erection,8476.81,4317.83,3488.25,50.9,41,52
DEL-10390,Electrical,Construction & Erection,1952.85,1076.83,1042.3,55.1,37,39
DEL-10391,Instrumentation & Control,Procurement & Fabrication,8989.27,7376.79,8091.37,82.1,47,46
DEL-10392,Civil & Structural,Construction & Erection,5764.88,5177.29,4970.69,89.8,94,112
DEL-10393,Civil & Structural,Construction & Erection,7175.52,5865.52,6117.76,81.7,106,93
DEL-10394,Electrical,Construction & Erection,2932.3,1187.17,1366.44,40.5,106,121
DEL-10395,Piping & Layout,Engineering & Design,1301.32,402.09,405.98,30.9,52,53
DEL-10396,Instrumentation & Control,Construction & Erection,7351.07,3377.95,3038.27,46.0,69,74
DEL-10397,Instrumentation & Control,Procurement & Fabrication,943.2,706.83,703.41,74.9,84,117
DEL-10398,Civil & Structural,Engineering & Design,3812.8,2482.71,3108.91,65.1,56,72
DEL-10399,Electrical,Procurement & Fabrication,10435.26,6966.01,9005.38,66.8,43,58
DEL-10400,Electrical,Engineering & Design,5730.27,2410.2,1776.35,42.1,48,43
DEL-10401,Piping & Layout,Engineering & Design,23357.52,21774.28,26208.71,93.2,71,61
DEL-10402,Instrumentation & Control,Construction & Erection,11159.96,10049.54,10828.6,90.1,17,20
DEL-10403,Civil & Structural,Engineering & Design,2912.83,1592.52,1876.94,54.7,20,22
DEL-10404,Electrical,Procurement & Fabrication,5023.34,1423.94,1363.32,28.3,62,41
DEL-10405,Piping & Layout,Procurement & Fabrication,4732.0,4690.27,3633.84,99.1,116,131
DEL-10406,Instrumentation & Control,Engineering & Design,1386.11,1372.67,1547.93,99.0,78,115
DEL-10407,Civil & Structural,Pre-Commissioning,2316.19,2112.96,1899.25,91.2,27,39
DEL-10408,Piping & Layout,Engineering & Design,3138.16,1406.16,1169.58,44.8,50,46
DEL-10409,Instrumentation & Control,Procurement & Fabrication,963.93,513.82,432.76,53.3,93,112
DEL-10410,Piping & Layout,Procurement & Fabrication,5105.1,1468.74,1659.88,28.8,84,74
DEL-10411,Piping & Layout,Engineering & Design,4026.86,3334.9,3538.06,82.8,47,49
DEL-10412,Instrumentation & Control,Engineering & Design,1289.08,909.22,1052.3,70.5,119,107
DEL-10413,Instrumentation & Control,Construction & Erection,6791.11,3480.31,3968.81,51.2,90,74
DEL-10414,Mechanical Equipment,Pre-Commissioning,8714.1,2086.97,2038.68,23.9,71,88
DEL-10415,Mechanical Equipment,Engineering & Design,5893.63,3997.05,4114.68,67.8,69,77
DEL-10416,Civil & Structural,Construction & Erection,3792.37,3199.83,3082.34,84.4,27,31
DEL-10417,Piping & Layout,Construction & Erection,7888.44,6847.37,6905.24,86.8,111,132
DEL-10418,Piping & Layout,Construction & Erection,8469.07,4248.39,3801.93,50.2,65,71
DEL-10419,Mechanical Equipment,Procurement & Fabrication,6285.01,4976.48,5467.02,79.2,106,90
DEL-10420,Electrical,Procurement & Fabrication,2540.99,863.5,1037.3,34.0,67,74
DEL-10421,Electrical,Procurement & Fabrication,6132.03,2797.39,2566.63,45.6,50,51
DEL-10422,Electrical,Construction & Erection,12789.56,9539.42,11754.38,74.6,19,19
DEL-10423,Piping & Layout,Construction & Erection,3049.39,2457.03,2597.15,80.6,39,34
DEL-10424,Civil & Structural,Engineering & Design,26327.03,10939.3,11772.45,41.6,95,72
DEL-10425,Piping & Layout,Procurement & Fabrication,3227.6,831.39,652.71,25.8,51,48
DEL-10426,Civil & Structural,Pre-Commissioning,5043.85,3758.98,2890.32,74.5,33,39
DEL-10427,Civil & Structural,Construction & Erection,2869.84,2191.0,2326.0,76.3,49,51
DEL-10428,Instrumentation & Control,Pre-Commissioning,5875.91,4388.96,5084.44,74.7,48,68
DEL-10429,Civil & Structural,Construction & Erection,1219.53,174.44,163.85,14.3,68,71
DEL-10430,Piping & Layout,Procurement & Fabrication,3175.33,3081.3,3976.46,97.0,60,66
DEL-10431,Piping & Layout,Construction & Erection,2051.45,1422.1,1635.76,69.3,20,21
DEL-10432,Electrical,Construction & Erection,5476.77,3794.93,3429.66,69.3,97,82
DEL-10433,Mechanical Equipment,Engineering & Design,10889.54,9147.72,9555.96,84.0,15,16
DEL-10434,Piping & Layout,Procurement & Fabrication,8240.41,6942.38,9799.44,84.2,85,72
DEL-10435,Piping & Layout,Construction & Erection,737.06,643.33,549.15,87.3,48,50
DEL-10436,Electrical,Engineering & Design,25176.23,9139.29,10229.07,36.3,70,50
DEL-10437,Piping & Layout,Construction & Erection,6224.35,5725.68,5677.52,92.0,97,101
DEL-10438,Electrical,Construction & Erection,2640.7,1845.18,2114.64,69.9,111,121
DEL-10439,Electrical,Pre-Commissioning,5573.08,2618.6,3221.11,47.0,40,44
DEL-10440,Piping & Layout,Engineering & Design,5658.71,2772.64,2722.91,49.0,119,92
DEL-10441,Piping & Layout,Engineering & Design,2882.81,2284.37,2759.14,79.2,56,65
DEL-10442,Instrumentation & Control,Construction & Erection,5757.93,3054.45,4194.31,53.0,105,125
DEL-10443,Civil & Structural,Engineering & Design,3023.05,2190.86,2300.28,72.5,52,45
DEL-10444,Civil & Structural,Construction & Erection,3556.42,2374.08,2748.55,66.8,40,50
DEL-10445,Electrical,Construction & Erection,2838.35,1239.26,1179.08,43.7,113,124
DEL-10446,Instrumentation & Control,Engineering & Design,1562.22,1350.95,1408.89,86.5,73,77
DEL-10447,Instrumentation & Control,Procurement & Fabrication,5522.96,5241.43,5312.18,94.9,98,115
DEL-10448,Electrical,Procurement & Fabrication,7849.77,4221.1,4894.54,53.8,38,53
DEL-10449,Civil & Structural,Procurement & Fabrication,7419.8,5565.02,6793.22,75.0,35,36
DEL-10450,Piping & Layout,Pre-Commissioning,9470.53,6754.26,6913.34,71.3,74,71
DEL-10451,Electrical,Construction & Erection,6370.75,4658.5,5916.5,73.1,104,154
DEL-10452,Mechanical Equipment,Construction & Erection,3209.34,3191.36,4051.45,99.4,34,35
DEL-10453,Civil & Structural,Construction & Erection,9621.27,7225.88,8432.81,75.1,20,23
DEL-10454,Instrumentation & Control,Procurement & Fabrication,1659.03,244.24,235.11,14.7,81,83
DEL-10455,Piping & Layout,Pre-Commissioning,2390.99,2103.59,1994.68,88.0,24,18
DEL-10456,Civil & Structural,Construction & Erection,2272.51,727.08,667.56,32.0,26,26
DEL-10457,Piping & Layout,Construction & Erection,11661.46,7130.51,8430.93,61.1,111,142
DEL-10458,Civil & Structural,Construction & Erection,10448.68,5225.03,4484.3,50.0,36,32
DEL-10459,Piping & Layout,Engineering & Design,7257.89,2957.75,3376.35,40.8,76,101
DEL-10460,Piping & Layout,Construction & Erection,11585.9,5158.44,4528.25,44.5,75,91
DEL-10461,Piping & Layout,Engineering & Design,2432.25,1530.53,1780.81,62.9,94,81
DEL-10462,Mechanical Equipment,Procurement & Fabrication,6495.57,6005.54,6261.28,92.5,31,25
DEL-10463,Electrical,Procurement & Fabrication,4446.45,3594.86,4457.79,80.8,24,20
DEL-10464,Mechanical Equipment,Pre-Commissioning,9676.99,2345.03,2840.35,24.2,26,25
DEL-10465,Instrumentation & Control,Construction & Erection,4481.98,2355.56,2956.84,52.6,97,82
DEL-10466,Civil & Structural,Construction & Erection,3612.1,2159.8,2719.45,59.8,54,70
DEL-10467,Piping & Layout,Construction & Erection,7575.9,1619.64,1719.32,21.4,37,30
DEL-10468,Instrumentation & Control,Construction & Erection,9906.39,3873.7,3355.32,39.1,54,48
DEL-10469,Piping & Layout,Pre-Commissioning,2879.36,2780.46,2452.7,96.6,88,120
DEL-10470,Instrumentation & Control,Procurement & Fabrication,4680.4,4428.77,3219.59,94.6,88,89
DEL-10471,Piping & Layout,Procurement & Fabrication,2107.48,1071.48,940.17,50.8,64,73
DEL-10472,Instrumentation & Control,Engineering & Design,666.17,357.84,375.85,53.7,24,28
DEL-10473,Piping & Layout,Construction & Erection,5769.66,3577.18,3419.97,62.0,117,90
DEL-10474,Instrumentation & Control,Construction & Erection,7999.42,4311.08,4367.04,53.9,108,132
DEL-10475,Civil & Structural,Procurement & Fabrication,6061.14,3010.88,3353.84,49.7,18,21
DEL-10476,Instrumentation & Control,Engineering & Design,1033.13,592.84,589.52,57.4,15,18
DEL-10477,Piping & Layout,Construction & Erection,3711.98,1784.45,1555.55,48.1,57,53
DEL-10478,Mechanical Equipment,Engineering & Design,833.24,311.96,321.95,37.4,97,108
DEL-10479,Instrumentation & Control,Construction & Erection,14702.32,10646.45,9637.45,72.4,19,19
DEL-10480,Civil & Structural,Pre-Commissioning,2061.43,613.76,613.38,29.8,108,116
DEL-10481,Mechanical Equipment,Procurement & Fabrication,13417.6,2043.69,2537.07,15.2,104,94
DEL-10482,Mechanical Equipment,Engineering & Design,10474.47,8277.66,8272.89,79.0,118,121
DEL-10483,Civil & Structural,Construction & Erection,2391.15,1623.29,2119.43,67.9,48,60
DEL-10484,Mechanical Equipment,Construction & Erection,1985.79,400.88,503.0,20.2,80,54
DEL-10485,Mechanical Equipment,Procurement & Fabrication,6504.8,4899.69,4669.91,75.3,38,37
DEL-10486,Instrumentation & Control,Pre-Commissioning,2501.24,2112.65,1845.05,84.5,28,33
DEL-10487,Piping & Layout,Engineering & Design,5334.7,429.5,443.3,8.1,55,46
DEL-10488,Piping & Layout,Procurement & Fabrication,3340.04,1809.14,2194.48,54.2,56,64
DEL-10489,Instrumentation & Control,Construction & Erection,1182.13,387.88,374.88,32.8,27,31
DEL-10490,Instrumentation & Control,Construction & Erection,825.2,516.38,607.38,62.6,43,44
DEL-10491,Civil & Structural,Engineering & Design,5891.98,4558.08,5566.62,77.4,79,88
DEL-10492,Mechanical Equipment,Construction & Erection,3136.16,1903.81,1758.92,60.7,60,83
DEL-10493,Piping & Layout,Construction & Erection,3157.48,1045.53,981.32,33.1,48,44
DEL-10494,Piping & Layout,Procurement & Fabrication,8575.73,7150.78,8201.22,83.4,77,60
DEL-10495,Civil & Structural,Engineering & Design,12566.05,8502.94,9036.73,67.7,18,18
DEL-10496,Civil & Structural,Construction & Erection,3951.95,1586.09,1486.31,40.1,42,36
DEL-10497,Mechanical Equipment,Engineering & Design,3742.54,2885.45,2848.44,77.1,97,110
DEL-10498,Piping & Layout,Procurement & Fabrication,7332.81,6120.66,6300.75,83.5,15,15
DEL-10499,Instrumentation & Control,Engineering & Design,1659.8,266.3,214.44,16.0,50,59
DEL-10500,Instrumentation & Control,Construction & Erection,5875.36,5069.29,5854.25,86.3,27,30
DEL-10501,Mechanical Equipment,Construction & Erection,7642.72,4687.22,4538.15,61.3,19,18
DEL-10502,Civil & Structural,Construction & Erection,8469.14,143.49,100.44,1.7,111,97
DEL-10503,Piping & Layout,Engineering & Design,1043.77,398.66,413.18,38.2,28,22
DEL-10504,Electrical,Construction & Erection,2672.89,1948.2,1809.42,72.9,94,119
DEL-10505,Mechanical Equipment,Construction & Erection,2434.24,1888.39,2442.3,77.6,46,54
DEL-10506,Piping & Layout,Construction & Erection,5323.62,4582.27,4363.16,86.1,64,63
DEL-10507,Instrumentation & Control,Pre-Commissioning,7219.89,3209.29,2809.26,44.5,41,48
DEL-10508,Electrical,Engineering & Design,16274.72,15206.36,16973.18,93.4,49,41
DEL-10509,Instrumentation & Control,Construction & Erection,3307.76,3065.9,2884.81,92.7,17,15
DEL-10510,Electrical,Engineering & Design,3300.87,2556.41,2359.78,77.4,18,16
DEL-10511,Mechanical Equipment,Procurement & Fabrication,12329.35,10553.2,11781.85,85.6,21,23
DEL-10512,Civil & Structural,Engineering & Design,6230.81,1250.82,1105.64,20.1,91,85
DEL-10513,Instrumentation & Control,Procurement & Fabrication,13549.72,11213.69,9211.02,82.8,119,92
DEL-10514,Instrumentation & Control,Procurement & Fabrication,6191.81,3659.36,4753.14,59.1,17,18
DEL-10515,Piping & Layout,Construction & Erection,1947.51,1120.5,1262.72,57.5,95,112
DEL-10516,Piping & Layout,Procurement & Fabrication,1691.71,1056.42,1056.81,62.4,73,75
DEL-10517,Civil & Structural,Construction & Erection,1420.54,251.21,261.13,17.7,88,113
DEL-10518,Electrical,Procurement & Fabrication,8346.87,3082.55,3439.76,36.9,15,18
DEL-10519,Instrumentation & Control,Engineering & Design,12719.32,11726.7,13907.87,92.2,42,54
DEL-10520,Piping & Layout,Construction & Erection,21579.3,3448.29,3195.19,16.0,73,89
DEL-10521,Mechanical Equipment,Engineering & Design,9647.79,8016.77,8777.73,83.1,67,74
DEL-10522,Civil & Structural,Procurement & Fabrication,12459.9,10060.9,9698.65,80.7,24,19
DEL-10523,Instrumentation & Control,Construction & Erection,3090.19,1176.43,1190.14,38.1,85,84
DEL-10524,Electrical,Procurement & Fabrication,1948.6,1432.19,1524.0,73.5,117,112
DEL-10525,Electrical,Engineering & Design,9701.77,4183.35,4346.49,43.1,17,15
DEL-10526,Civil & Structural,Procurement & Fabrication,6864.68,2630.09,3025.48,38.3,21,20
DEL-10527,Civil & Structural,Pre-Commissioning,5355.91,3265.06,3634.22,61.0,23,18
DEL-10528,Piping & Layout,Construction & Erection,6700.23,3298.36,2684.12,49.2,118,146
DEL-10529,Piping & Layout,Construction & Erection,6364.87,3632.6,3038.04,57.1,113,96
DEL-10530,Instrumentation & Control,Construction & Erection,13726.09,10453.7,10292.11,76.2,104,127
DEL-10531,Electrical,Engineering & Design,13849.28,8331.82,10950.46,60.2,83,110
DEL-10532,Instrumentation & Control,Procurement & Fabrication,7595.99,4022.35,3669.43,53.0,27,24
DEL-10533,Instrumentation & Control,Construction & Erection,9668.63,5074.02,5118.5,52.5,108,103
DEL-10534,Mechanical Equipment,Engineering & Design,7414.92,1027.2,985.64,13.9,54,63
DEL-10535,Electrical,Engineering & Design,3398.41,2783.72,2663.72,81.9,76,74
DEL-10536,Instrumentation & Control,Engineering & Design,9002.45,6823.95,7279.36,75.8,76,68
DEL-10537,Electrical,Procurement & Fabrication,1610.67,1218.87,1523.73,75.7,117,134
DEL-10538,Piping & Layout,Pre-Commissioning,11419.91,4799.07,5319.27,42.0,24,22
DEL-10539,Civil & Structural,Engineering & Design,1890.09,1172.38,1077.97,62.0,101,150
DEL-10540,Piping & Layout,Procurement & Fabrication,6177.34,5796.0,8421.49,93.8,25,29
DEL-10541,Instrumentation & Control,Engineering & Design,2499.58,1596.04,1678.69,63.9,90,107
DEL-10542,Mechanical Equipment,Pre-Commissioning,7651.91,5179.28,4938.01,67.7,76,79
DEL-10543,Piping & Layout,Engineering & Design,4783.17,3797.9,4754.27,79.4,91,130
DEL-10544,Mechanical Equipment,Procurement & Fabrication,1372.23,1032.81,1001.46,75.3,118,108
DEL-10545,Mechanical Equipment,Construction & Erection,6881.28,4195.94,5410.4,61.0,70,85
DEL-10546,Civil & Structural,Construction & Erection,3095.37,2558.56,2326.76,82.7,63,50
DEL-10547,Piping & Layout,Procurement & Fabrication,9945.92,7414.74,9301.82,74.6,30,46
DEL-10548,Mechanical Equipment,Procurement & Fabrication,4919.98,4226.26,4522.76,85.9,87,106
DEL-10549,Civil & Structural,Procurement & Fabrication,6743.52,4918.47,6067.71,72.9,88,77
DEL-10550,Electrical,Engineering & Design,2284.6,543.87,720.78,23.8,107,125
DEL-10551,Civil & Structural,Engineering & Design,3067.24,2437.86,2121.2,79.5,23,29
DEL-10552,Instrumentation & Control,Procurement & Fabrication,3405.3,2453.38,3021.01,72.0,47,41
DEL-10553,Mechanical Equipment,Engineering & Design,9753.31,1519.5,1259.16,15.6,102,99
DEL-10554,Mechanical Equipment,Engineering & Design,18805.44,6609.4,5835.59,35.1,49,42
DEL-10555,Instrumentation & Control,Construction & Erection,2580.82,643.88,592.04,24.9,89,103
DEL-10556,Civil & Structural,Pre-Commissioning,11631.57,6978.65,7785.0,60.0,53,58
DEL-10557,Piping & Layout,Construction & Erection,866.32,399.22,417.17,46.1,91,97
DEL-10558,Piping & Layout,Engineering & Design,1890.6,684.54,694.76,36.2,101,91
DEL-10559,Electrical,Engineering & Design,2282.39,836.82,888.65,36.7,39,40
DEL-10560,Mechanical Equipment,Pre-Commissioning,1665.69,1394.44,1573.9,83.7,94,86
DEL-10561,Electrical,Engineering & Design,1384.55,450.03,513.14,32.5,70,81
DEL-10562,Piping & Layout,Engineering & Design,6839.02,2781.16,3348.86,40.7,62,53
DEL-10563,Piping & Layout,Construction & Erection,4141.22,3188.52,4186.54,77.0,99,89
DEL-10564,Piping & Layout,Construction & Erection,6657.67,5484.71,5686.52,82.4,24,29
DEL-10565,Civil & Structural,Construction & Erection,8538.82,6906.82,6643.23,80.9,55,53
DEL-10566,Mechanical Equipment,Engineering & Design,6078.38,5739.24,6496.99,94.4,118,167
DEL-10567,Civil & Structural,Engineering & Design,8318.28,1629.83,1415.28,19.6,97,107
DEL-10568,Civil & Structural,Pre-Commissioning,4648.85,3345.75,3138.97,72.0,113,79
DEL-10569,Instrumentation & Control,Engineering & Design,1901.51,220.54,262.43,11.6,73,58
DEL-10570,Piping & Layout,Construction & Erection,11455.8,6642.22,6784.23,58.0,42,40
DEL-10571,Civil & Structural,Construction & Erection,3067.78,2617.4,2247.75,85.3,55,66
DEL-10572,Electrical,Construction & Erection,2325.11,625.69,510.9,26.9,80,95
DEL-10573,Civil & Structural,Procurement & Fabrication,4262.73,3480.94,3645.62,81.7,65,63
DEL-10574,Mechanical Equipment,Engineering & Design,2367.88,2223.92,2693.8,93.9,76,99
DEL-10575,Instrumentation & Control,Construction & Erection,3519.43,913.73,1104.96,26.0,44,50
DEL-10576,Instrumentation & Control,Construction & Erection,6472.02,4152.14,4387.28,64.2,54,54
DEL-10577,Piping & Layout,Pre-Commissioning,6494.26,3870.7,5191.91,59.6,54,70
DEL-10578,Instrumentation & Control,Engineering & Design,2396.43,1490.06,1526.23,62.2,83,75
DEL-10579,Civil & Structural,Engineering & Design,3327.03,3162.84,3223.62,95.1,116,136
DEL-10580,Piping & Layout,Pre-Commissioning,11608.19,4950.67,3465.47,42.6,76,91
DEL-10581,Civil & Structural,Construction & Erection,7310.89,5931.95,5771.17,81.1,29,34
DEL-10582,Instrumentation & Control,Construction & Erection,25849.64,1725.07,2014.53,6.7,114,117
DEL-10583,Civil & Structural,Engineering & Design,12633.44,1791.58,2283.53,14.2,17,21
DEL-10584,Piping & Layout,Construction & Erection,12276.41,11121.74,10181.56,90.6,38,54
DEL-10585,Mechanical Equipment,Construction & Erection,1619.23,370.44,410.95,22.9,55,57
DEL-10586,Piping & Layout,Construction & Erection,9055.14,6426.41,7692.61,71.0,77,83
DEL-10587,Piping & Layout,Procurement & Fabrication,4710.34,3818.11,3977.26,81.1,62,77
DEL-10588,Piping & Layout,Engineering & Design,3162.8,966.6,676.62,30.6,75,76
DEL-10589,Piping & Layout,Construction & Erection,5621.83,4916.58,5295.62,87.5,62,62
DEL-10590,Piping & Layout,Engineering & Design,10468.95,6948.74,8020.34,66.4,61,51
DEL-10591,Piping & Layout,Procurement & Fabrication,7336.85,5914.65,5310.68,80.6,70,50
DEL-10592,Mechanical Equipment,Pre-Commissioning,2433.83,1010.05,1011.94,41.5,119,99
DEL-10593,Piping & Layout,Procurement & Fabrication,8901.43,2556.51,2215.67,28.7,90,111
DEL-10594,Piping & Layout,Construction & Erection,2951.09,2079.63,1455.74,70.5,22,19
DEL-10595,Instrumentation & Control,Engineering & Design,5845.03,4806.25,5738.91,82.2,92,106
DEL-10596,Civil & Structural,Construction & Erection,3855.75,2343.98,2436.42,60.8,32,43
DEL-10597,Mechanical Equipment,Pre-Commissioning,4125.35,3813.78,4880.3,92.4,98,107
DEL-10598,Piping & Layout,Engineering & Design,9072.42,7219.36,8436.53,79.6,37,33
DEL-10599,Piping & Layout,Engineering & Design,2138.47,1928.56,1903.24,90.2,83,86
DEL-10600,Piping & Layout,Procurement & Fabrication,23298.77,22513.47,23133.1,96.6,79,90
DEL-10601,Piping & Layout,Engineering & Design,1144.97,985.56,1108.68,86.1,60,68
DEL-10602,Piping & Layout,Construction & Erection,3046.86,2162.44,2562.56,71.0,80,87
DEL-10603,Piping & Layout,Pre-Commissioning,6608.88,1570.16,1708.97,23.8,94,112
DEL-10604,Piping & Layout,Procurement & Fabrication,7843.59,7603.21,9168.25,96.9,83,105
DEL-10605,Piping & Layout,Engineering & Design,4535.18,1594.54,1587.36,35.2,36,35
DEL-10606,Civil & Structural,Procurement & Fabrication,4694.22,2323.74,2069.12,49.5,79,106
DEL-10607,Piping & Layout,Construction & Erection,6825.63,2361.37,2432.87,34.6,26,29
DEL-10608,Civil & Structural,Engineering & Design,4085.28,2171.8,2325.52,53.2,33,20
DEL-10609,Civil & Structural,Construction & Erection,14981.1,4756.44,4089.44,31.7,36,37
DEL-10610,Mechanical Equipment,Construction & Erection,9618.84,6377.99,5354.27,66.3,69,71
DEL-10611,Piping & Layout,Construction & Erection,9879.92,5012.97,5549.9,50.7,76,97
DEL-10612,Electrical,Engineering & Design,2268.95,1434.18,1404.13,63.2,65,61
DEL-10613,Mechanical Equipment,Construction & Erection,4612.33,3447.26,3499.39,74.7,62,68
DEL-10614,Piping & Layout,Engineering & Design,3864.65,488.6,481.78,12.6,31,24
DEL-10615,Instrumentation & Control,Engineering & Design,2198.47,1838.7,2331.64,83.6,27,24
DEL-10616,Instrumentation & Control,Construction & Erection,6555.97,2509.48,3084.81,38.3,117,143
DEL-10617,Piping & Layout,Construction & Erection,3196.73,1395.06,1191.93,43.6,42,34
DEL-10618,Piping & Layout,Engineering & Design,8302.59,5953.6,5715.94,71.7,81,102
DEL-10619,Electrical,Engineering & Design,2087.76,651.17,760.24,31.2,19,24
DEL-10620,Electrical,Engineering & Design,19442.81,10797.14,12203.9,55.5,114,149
DEL-10621,Piping & Layout,Engineering & Design,2399.3,1639.57,1694.95,68.3,74,101
DEL-10622,Piping & Layout,Engineering & Design,5857.29,3825.43,3325.67,65.3,29,35
DEL-10623,Civil & Structural,Engineering & Design,9260.26,3916.05,3671.77,42.3,95,109
DEL-10624,Civil & Structural,Procurement & Fabrication,3113.45,1487.36,1431.56,47.8,58,69
DEL-10625,Mechanical Equipment,Construction & Erection,9720.33,1351.79,1462.03,13.9,60,64
DEL-10626,Civil & Structural,Construction & Erection,1838.4,508.26,658.48,27.6,43,42
DEL-10627,Civil & Structural,Construction & Erection,15704.37,3607.91,3380.49,23.0,82,100
DEL-10628,Electrical,Engineering & Design,4970.72,3698.68,3277.38,74.4,110,126
DEL-10629,Piping & Layout,Pre-Commissioning,3049.92,1092.14,1118.04,35.8,63,78
DEL-10630,Piping & Layout,Construction & Erection,3868.63,2150.19,2568.96,55.6,57,58
DEL-10631,Electrical,Construction & Erection,9387.51,5954.2,4900.11,63.4,116,120
DEL-10632,Instrumentation & Control,Construction & Erection,3079.23,1378.27,1733.93,44.8,82,90
DEL-10633,Civil & Structural,Pre-Commissioning,2698.67,834.05,845.89,30.9,91,94
DEL-10634,Civil & Structural,Procurement & Fabrication,4116.55,1989.78,1850.2,48.3,34,55
DEL-10635,Piping & Layout,Engineering & Design,1916.83,1631.35,1305.03,85.1,32,46
DEL-10636,Civil & Structural,Construction & Erection,21087.49,16064.96,18410.09,76.2,78,83
DEL-10637,Civil & Structural,Construction & Erection,3124.05,2718.77,2757.72,87.0,63,65
DEL-10638,Piping & Layout,Construction & Erection,9559.53,8773.06,9348.63,91.8,56,64
DEL-10639,Piping & Layout,Procurement & Fabrication,5811.4,2840.79,2570.57,48.9,115,112
DEL-10640,Civil & Structural,Engineering & Design,2235.84,1212.51,1202.97,54.2,26,25
DEL-10641,Piping & Layout,Procurement & Fabrication,4891.41,3238.06,3131.24,66.2,103,110
DEL-10642,Piping & Layout,Pre-Commissioning,9202.24,2844.75,2915.62,30.9,108,106
DEL-10643,Piping & Layout,Construction & Erection,4227.61,2389.76,2245.34,56.5,93,102
DEL-10644,Piping & Layout,Procurement & Fabrication,12765.36,6960.92,5637.46,54.5,50,57
DEL-10645,Piping & Layout,Engineering & Design,11127.92,4530.47,6565.89,40.7,22,9
DEL-10646,Instrumentation & Control,Procurement & Fabrication,10251.01,5572.29,4655.59,54.4,42,28
DEL-10647,Mechanical Equipment,Construction & Erection,3402.53,2141.42,2285.36,62.9,100,89
DEL-10648,Mechanical Equipment,Construction & Erection,2071.7,1276.07,987.93,61.6,74,83
DEL-10649,Electrical,Construction & Erection,3008.3,2325.69,1722.04,77.3,63,57
DEL-10650,Civil & Structural,Procurement & Fabrication,5750.22,1636.88,1726.38,28.5,52,79
DEL-10651,Piping & Layout,Construction & Erection,7605.52,5023.7,5356.04,66.1,94,116
DEL-10652,Civil & Structural,Engineering & Design,865.01,610.89,750.92,70.6,72,105
DEL-10653,Mechanical Equipment,Construction & Erection,4882.97,3359.05,3694.73,68.8,19,24
DEL-10654,Electrical,Procurement & Fabrication,5577.36,1670.82,1700.1,30.0,60,45
DEL-10655,Civil & Structural,Procurement & Fabrication,3936.17,3191.74,2864.78,81.1,112,93
DEL-10656,Piping & Layout,Construction & Erection,13808.22,4827.81,6106.47,35.0,116,111
DEL-10657,Piping & Layout,Pre-Commissioning,6887.23,5687.04,6706.89,82.6,89,73
DEL-10658,Civil & Structural,Engineering & Design,14018.79,8369.94,7139.98,59.7,16,20
DEL-10659,Mechanical Equipment,Construction & Erection,4134.95,2529.62,2645.21,61.2,103,106
DEL-10660,Mechanical Equipment,Engineering & Design,10404.38,4447.78,4721.8,42.7,39,43
DEL-10661,Civil & Structural,Procurement & Fabrication,18179.56,16075.48,15885.01,88.4,15,20
DEL-10662,Instrumentation & Control,Engineering & Design,14035.64,3297.7,3811.41,23.5,109,158
DEL-10663,Mechanical Equipment,Procurement & Fabrication,2051.42,1694.82,1974.06,82.6,83,83
DEL-10664,Piping & Layout,Procurement & Fabrication,4012.06,609.62,616.58,15.2,54,43
DEL-10665,Piping & Layout,Engineering & Design,3728.9,2794.71,2788.75,74.9,82,67
DEL-10666,Piping & Layout,Procurement & Fabrication,7269.22,4904.54,6203.48,67.5,83,107
DEL-10667,Piping & Layout,Pre-Commissioning,8510.73,3534.19,4170.08,41.5,83,92
DEL-10668,Piping & Layout,Engineering & Design,2512.13,264.7,278.16,10.5,30,26
DEL-10669,Piping & Layout,Construction & Erection,5188.87,1268.99,1009.63,24.5,68,82
DEL-10670,Piping & Layout,Procurement & Fabrication,976.58,332.79,363.27,34.1,77,65
DEL-10671,Piping & Layout,Construction & Erection,15577.08,14690.74,16816.68,94.3,32,23
DEL-10672,Instrumentation & Control,Engineering & Design,3262.02,1999.26,1399.48,61.3,31,20
DEL-10673,Piping & Layout,Engineering & Design,5139.4,2477.71,2670.43,48.2,113,87
DEL-10674,Civil & Structural,Engineering & Design,3836.36,3376.37,3300.39,88.0,96,124
DEL-10675,Civil & Structural,Engineering & Design,12293.45,9214.45,9277.77,75.0,18,18
DEL-10676,Instrumentation & Control,Engineering & Design,507.75,189.86,171.61,37.4,109,115
DEL-10677,Piping & Layout,Construction & Erection,4849.89,1675.48,1705.26,34.5,109,120
DEL-10678,Civil & Structural,Construction & Erection,4515.83,2144.25,2677.74,47.5,23,20
DEL-10679,Instrumentation & Control,Construction & Erection,3418.96,2396.81,2332.19,70.1,45,43
DEL-10680,Instrumentation & Control,Construction & Erection,19554.9,3245.35,3845.21,16.6,19,19
DEL-10681,Electrical,Engineering & Design,2416.65,2031.03,1866.62,84.0,114,100
DEL-10682,Piping & Layout,Engineering & Design,9112.81,6296.52,7265.01,69.1,30,29
DEL-10683,Piping & Layout,Procurement & Fabrication,6535.49,3729.01,3879.09,57.1,56,58
DEL-10684,Mechanical Equipment,Engineering & Design,13483.41,5107.96,5582.0,37.9,55,56
DEL-10685,Instrumentation & Control,Procurement & Fabrication,2882.03,1657.92,1726.02,57.5,94,108
DEL-10686,Mechanical Equipment,Procurement & Fabrication,2734.28,1289.38,1465.05,47.2,98,94
DEL-10687,Mechanical Equipment,Procurement & Fabrication,11811.82,4776.27,3343.39,40.4,44,60
DEL-10688,Piping & Layout,Procurement & Fabrication,6906.77,1133.56,937.49,16.4,40,34
DEL-10689,Electrical,Construction & Erection,1428.03,1260.33,1389.59,88.3,63,60
DEL-10690,Piping & Layout,Construction & Erection,3192.49,2314.89,1697.9,72.5,45,51
DEL-10691,Piping & Layout,Procurement & Fabrication,6694.93,4346.44,4174.37,64.9,64,76
DEL-10692,Civil & Structural,Pre-Commissioning,9606.66,7826.77,8076.04,81.5,29,24
DEL-10693,Civil & Structural,Pre-Commissioning,2854.4,1621.25,1484.71,56.8,66,69
DEL-10694,Piping & Layout,Procurement & Fabrication,477.51,255.12,238.86,53.4,119,145
DEL-10695,Piping & Layout,Procurement & Fabrication,7469.46,1340.71,1448.95,17.9,52,38
DEL-10696,Mechanical Equipment,Procurement & Fabrication,1851.49,704.01,838.75,38.0,52,54
DEL-10697,Piping & Layout,Pre-Commissioning,978.61,664.99,595.98,68.0,74,56
DEL-10698,Mechanical Equipment,Construction & Erection,509.86,395.26,376.97,77.5,34,31
DEL-10699,Piping & Layout,Engineering & Design,9425.6,2578.71,2399.0,27.4,113,122
DEL-10700,Civil & Structural,Procurement & Fabrication,5447.4,5428.31,3799.82,99.6,101,103
DEL-10701,Civil & Structural,Construction & Erection,4103.0,3183.02,3378.0,77.6,58,48
DEL-10702,Piping & Layout,Procurement & Fabrication,14931.37,4922.8,5809.92,33.0,117,153
DEL-10703,Piping & Layout,Engineering & Design,8183.37,3704.93,4418.12,45.3,103,102
DEL-10704,Piping & Layout,Construction & Erection,17908.67,14021.82,12751.23,78.3,77,90
DEL-10705,Piping & Layout,Construction & Erection,1612.94,1432.47,1220.81,88.8,64,87
DEL-10706,Instrumentation & Control,Construction & Erection,4780.78,1628.28,1698.69,34.1,36,33
DEL-10707,Piping & Layout,Construction & Erection,1348.34,760.67,885.72,56.4,86,102
DEL-10708,Electrical,Construction & Erection,4090.79,3581.98,3808.46,87.6,68,78
DEL-10709,Piping & Layout,Procurement & Fabrication,4028.33,1492.63,1617.11,37.1,23,18
DEL-10710,Mechanical Equipment,Construction & Erection,8113.55,7104.49,8605.48,87.6,29,38
DEL-10711,Electrical,Engineering & Design,5097.22,1668.18,1549.96,32.7,62,67
DEL-10712,Mechanical Equipment,Construction & Erection,8092.76,4687.12,4719.95,57.9,34,32
DEL-10713,Civil & Structural,Engineering & Design,8627.86,4833.29,6211.71,56.0,49,36
DEL-10714,Civil & Structural,Construction & Erection,27555.1,20420.21,20634.18,74.1,115,93
DEL-10715,Piping & Layout,Engineering & Design,3819.07,1086.65,923.54,28.5,81,84
DEL-10716,Instrumentation & Control,Engineering & Design,2315.04,1900.73,1785.92,82.1,74,59
DEL-10717,Electrical,Engineering & Design,5984.13,3675.67,3305.43,61.4,112,133
DEL-10718,Instrumentation & Control,Engineering & Design,2586.8,2148.91,2349.99,83.1,48,47
DEL-10719,Piping & Layout,Construction & Erection,16083.81,7950.58,7200.11,49.4,114,85
DEL-10720,Electrical,Construction & Erection,3918.35,2141.05,2313.73,54.6,113,105
DEL-10721,Instrumentation & Control,Procurement & Fabrication,3126.09,2398.93,2230.02,76.7,87,74
DEL-10722,Piping & Layout,Engineering & Design,3370.94,2487.67,1794.84,73.8,108,88
DEL-10723,Piping & Layout,Engineering & Design,8731.86,5646.14,6131.67,64.7,68,42
DEL-10724,Electrical,Engineering & Design,4332.08,1397.11,1484.11,32.3,104,112
DEL-10725,Mechanical Equipment,Engineering & Design,2941.48,1328.72,1485.07,45.2,26,23
DEL-10726,Electrical,Construction & Erection,18625.4,13582.15,12754.34,72.9,102,146
DEL-10727,Piping & Layout,Engineering & Design,2477.65,1175.52,1085.09,47.4,119,150
DEL-10728,Electrical,Procurement & Fabrication,5056.62,1246.85,1371.81,24.7,33,46
DEL-10729,Piping & Layout,Engineering & Design,8282.04,5976.01,7576.7,72.2,94,113
DEL-10730,Piping & Layout,Engineering & Design,1332.66,889.5,926.57,66.7,40,38
DEL-10731,Piping & Layout,Procurement & Fabrication,7217.1,3393.6,3745.47,47.0,37,42
DEL-10732,Electrical,Construction & Erection,2113.11,448.81,445.12,21.2,47,47
DEL-10733,Mechanical Equipment,Engineering & Design,9492.21,9218.68,7452.89,97.1,71,80
DEL-10734,Civil & Structural,Engineering & Design,2275.33,1437.98,1704.17,63.2,44,54
DEL-10735,Civil & Structural,Procurement & Fabrication,8554.52,5707.74,6713.79,66.7,37,44
DEL-10736,Instrumentation & Control,Engineering & Design,11904.44,6768.71,7761.12,56.9,88,93
DEL-10737,Civil & Structural,Engineering & Design,9790.32,3479.58,3523.8,35.5,50,54
DEL-10738,Electrical,Pre-Commissioning,6009.24,4168.98,4709.1,69.4,109,120
DEL-10739,Civil & Structural,Construction & Erection,4084.52,1019.24,1196.66,25.0,100,128
DEL-10740,Civil & Structural,Construction & Erection,3099.09,1998.5,2564.12,64.5,57,55
DEL-10741,Civil & Structural,Procurement & Fabrication,15943.84,14794.92,17580.49,92.8,116,117
DEL-10742,Piping & Layout,Procurement & Fabrication,2808.49,1879.11,1972.27,66.9,80,77
DEL-10743,Electrical,Procurement & Fabrication,2143.83,814.8,687.49,38.0,67,73
DEL-10744,Civil & Structural,Construction & Erection,8369.05,2359.61,2509.08,28.2,101,120
DEL-10745,Piping & Layout,Construction & Erection,2599.54,1300.75,1402.84,50.0,113,127
DEL-10746,Instrumentation & Control,Engineering & Design,2298.36,1265.08,1450.23,55.0,74,78
DEL-10747,Civil & Structural,Procurement & Fabrication,1548.62,1436.87,1786.16,92.8,51,65
DEL-10748,Civil & Structural,Procurement & Fabrication,3339.82,2253.32,2311.29,67.5,75,68
DEL-10749,Instrumentation & Control,Construction & Erection,4600.08,3247.6,4400.98,70.6,110,84
DEL-10750,Mechanical Equipment,Construction & Erection,5969.83,2182.62,1693.95,36.6,67,75
DEL-10751,Piping & Layout,Procurement & Fabrication,10520.12,5383.57,5937.55,51.2,26,27
DEL-10752,Instrumentation & Control,Engineering & Design,7491.46,5805.88,5342.7,77.5,49,50
DEL-10753,Mechanical Equipment,Construction & Erection,4218.78,410.51,309.49,9.7,119,95
DEL-10754,Piping & Layout,Engineering & Design,4194.14,594.0,599.79,14.2,81,89
DEL-10755,Piping & Layout,Procurement & Fabrication,7391.8,876.51,719.98,11.9,112,159
DEL-10756,Electrical,Engineering & Design,13603.14,6102.98,6199.32,44.9,52,41
DEL-10757,Mechanical Equipment,Construction & Erection,5437.37,4473.13,4675.39,82.3,38,39
DEL-10758,Civil & Structural,Engineering & Design,3376.84,1086.76,1312.57,32.2,116,125
DEL-10759,Instrumentation & Control,Procurement & Fabrication,2220.99,758.13,617.01,34.1,95,92
DEL-10760,Electrical,Construction & Erection,1546.63,725.45,853.33,46.9,54,59
DEL-10761,Piping & Layout,Engineering & Design,8375.08,3967.58,4184.66,47.4,79,77
DEL-10762,Piping & Layout,Procurement & Fabrication,7803.93,3928.06,4691.38,50.3,71,77
DEL-10763,Piping & Layout,Procurement & Fabrication,7800.09,2489.66,2428.01,31.9,86,87
DEL-10764,Electrical,Engineering & Design,4434.07,1202.6,1010.38,27.1,93,89
DEL-10765,Piping & Layout,Construction & Erection,15146.85,14669.83,12577.54,96.9,59,62
DEL-10766,Mechanical Equipment,Engineering & Design,3336.59,562.72,476.19,16.9,103,119
DEL-10767,Electrical,Procurement & Fabrication,10553.53,7710.48,8571.53,73.1,86,64
DEL-10768,Instrumentation & Control,Construction & Erection,4764.78,4296.7,5420.45,90.2,110,132
DEL-10769,Piping & Layout,Construction & Erection,3020.93,2515.93,2403.36,83.3,27,25
DEL-10770,Electrical,Construction & Erection,7895.31,2066.73,2344.44,26.2,93,110
DEL-10771,Piping & Layout,Engineering & Design,6820.64,5953.37,4831.07,87.3,20,19
DEL-10772,Electrical,Engineering & Design,6539.25,1324.26,1413.05,20.3,111,133
DEL-10773,Piping & Layout,Construction & Erection,5244.96,2182.27,2488.41,41.6,85,89
DEL-10774,Civil & Structural,Procurement & Fabrication,4768.02,2708.13,2228.2,56.8,111,97
DEL-10775,Electrical,Construction & Erection,33213.03,9140.67,9226.75,27.5,61,59
DEL-10776,Piping & Layout,Construction & Erection,12675.23,7370.62,8456.96,58.1,107,139
DEL-10777,Piping & Layout,Construction & Erection,8762.72,3284.03,2298.82,37.5,116,124
DEL-10778,Electrical,Procurement & Fabrication,5374.6,5030.35,6239.23,93.6,115,111
DEL-10779,Electrical,Procurement & Fabrication,11000.83,6700.57,7324.07,60.9,58,75
DEL-10780,Mechanical Equipment,Construction & Erection,7438.29,6238.38,7158.6,83.9,46,57
DEL-10781,Mechanical Equipment,Procurement & Fabrication,5018.89,4804.95,4699.68,95.7,17,15
DEL-10782,Civil & Structural,Engineering & Design,3855.09,2500.12,1954.07,64.9,68,69
DEL-10783,Piping & Layout,Construction & Erection,4606.7,4291.52,4806.97,93.2,98,69
DEL-10784,Piping & Layout,Construction & Erection,389.03,297.19,305.4,76.4,92,114
DEL-10785,Piping & Layout,Procurement & Fabrication,5816.66,4502.08,4703.85,77.4,106,112
DEL-10786,Instrumentation & Control,Engineering & Design,3324.98,1981.68,2384.24,59.6,52,62
DEL-10787,Mechanical Equipment,Procurement & Fabrication,17573.3,3582.04,4134.79,20.4,18,12
DEL-10788,Civil & Structural,Construction & Erection,4991.42,2509.89,3333.59,50.3,93,93
DEL-10789,Civil & Structural,Pre-Commissioning,1898.52,572.58,608.7,30.2,31,34
DEL-10790,Instrumentation & Control,Engineering & Design,4722.51,3847.37,3602.36,81.5,51,32
DEL-10791,Piping & Layout,Engineering & Design,2128.35,782.25,791.43,36.8,102,122
DEL-10792,Mechanical Equipment,Construction & Erection,7177.64,4525.36,4988.53,63.0,116,115
DEL-10793,Civil & Structural,Procurement & Fabrication,6202.81,4675.82,5575.34,75.4,119,84
DEL-10794,Mechanical Equipment,Procurement & Fabrication,10575.25,3512.02,2879.66,33.2,50,48
DEL-10795,Piping & Layout,Pre-Commissioning,2610.49,1439.36,1498.78,55.1,72,83
DEL-10796,Instrumentation & Control,Engineering & Design,5050.32,2224.37,2850.38,44.0,55,48
DEL-10797,Instrumentation & Control,Construction & Erection,1649.1,989.62,993.54,60.0,22,23
DEL-10798,Mechanical Equipment,Engineering & Design,8614.45,2672.77,3152.93,31.0,81,79
DEL-10799,Mechanical Equipment,Procurement & Fabrication,7443.5,7128.82,7941.28,95.8,44,29
DEL-10800,Instrumentation & Control,Construction & Erection,7307.41,5226.05,6184.39,71.5,100,118
DEL-10801,Electrical,Procurement & Fabrication,4921.14,4795.83,4405.14,97.5,66,81
DEL-10802,Piping & Layout,Pre-Commissioning,6848.73,5240.55,4817.06,76.5,111,143
DEL-10803,Mechanical Equipment,Construction & Erection,17738.12,9519.84,9929.58,53.7,39,41
DEL-10804,Mechanical Equipment,Procurement & Fabrication,3912.47,3183.06,2578.81,81.4,66,76
DEL-10805,Civil & Structural,Engineering & Design,5491.28,4558.2,4556.1,83.0,73,54
DEL-10806,Electrical,Procurement & Fabrication,2061.31,1581.72,1704.99,76.7,44,49
DEL-10807,Instrumentation & Control,Procurement & Fabrication,2453.8,1420.32,1857.35,57.9,115,115
DEL-10808,Instrumentation & Control,Engineering & Design,5314.8,1841.77,2026.69,34.7,81,85
DEL-10809,Civil & Structural,Procurement & Fabrication,11886.36,10535.89,11945.43,88.6,18,15
DEL-10810,Piping & Layout,Procurement & Fabrication,4003.7,3317.79,4030.02,82.9,107,137
DEL-10811,Instrumentation & Control,Construction & Erection,4069.46,2074.53,1857.33,51.0,71,52
DEL-10812,Electrical,Construction & Erection,3549.25,1010.44,1025.84,28.5,77,86
DEL-10813,Piping & Layout,Construction & Erection,3204.13,2595.03,3642.93,81.0,46,40
DEL-10814,Instrumentation & Control,Engineering & Design,6222.81,2309.2,2374.16,37.1,101,150
DEL-10815,Instrumentation & Control,Engineering & Design,1483.55,703.83,849.85,47.4,97,116
DEL-10816,Civil & Structural,Construction & Erection,13694.53,11241.08,13315.75,82.1,93,98
DEL-10817,Mechanical Equipment,Procurement & Fabrication,2886.1,853.4,698.33,29.6,65,56
DEL-10818,Civil & Structural,Engineering & Design,8756.25,1552.11,1686.47,17.7,77,95
DEL-10819,Piping & Layout,Construction & Erection,1779.35,275.98,293.09,15.5,94,38
DEL-10820,Piping & Layout,Construction & Erection,8392.32,6657.86,7253.69,79.3,101,115
DEL-10821,Electrical,Procurement & Fabrication,8413.19,6566.49,6086.37,78.0,118,137
DEL-10822,Piping & Layout,Engineering & Design,6683.26,3791.14,3307.63,56.7,115,132
DEL-10823,Piping & Layout,Construction & Erection,2218.21,1821.77,1764.57,82.1,15,18
DEL-10824,Civil & Structural,Construction & Erection,6000.74,2822.98,2894.49,47.0,33,31
DEL-10825,Civil & Structural,Construction & Erection,1907.51,983.92,1198.17,51.6,115,135
DEL-10826,Instrumentation & Control,Construction & Erection,4014.99,1872.38,2457.68,46.6,49,45
DEL-10827,Piping & Layout,Construction & Erection,11198.45,1443.19,1803.25,12.9,77,69
DEL-10828,Piping & Layout,Procurement & Fabrication,9296.21,4326.76,5058.11,46.5,108,92
DEL-10829,Electrical,Engineering & Design,4974.83,1249.15,1110.93,25.1,95,96
DEL-10830,Civil & Structural,Construction & Erection,2253.31,778.9,762.28,34.6,117,150
DEL-10831,Piping & Layout,Construction & Erection,8237.65,6346.37,6800.06,77.0,40,56
DEL-10832,Civil & Structural,Construction & Erection,4991.57,538.87,509.31,10.8,27,27
DEL-10833,Piping & Layout,Engineering & Design,767.97,330.65,372.51,43.1,100,93
DEL-10834,Piping & Layout,Engineering & Design,9192.14,3818.44,4383.85,41.5,37,49
DEL-10835,Civil & Structural,Construction & Erection,4820.41,3094.9,3467.66,64.2,111,127
DEL-10836,Civil & Structural,Construction & Erection,12861.08,3756.79,4484.75,29.2,105,112
DEL-10837,Instrumentation & Control,Pre-Commissioning,2046.29,1379.38,1247.39,67.4,49,41
DEL-10838,Civil & Structural,Construction & Erection,387.08,132.15,155.93,34.1,26,35
DEL-10839,Mechanical Equipment,Construction & Erection,6144.22,4800.68,4491.77,78.1,23,25
DEL-10840,Mechanical Equipment,Construction & Erection,6205.87,3990.09,3586.53,64.3,112,119
DEL-10841,Piping & Layout,Construction & Erection,1270.88,819.76,917.98,64.5,92,107
DEL-10842,Mechanical Equipment,Construction & Erection,2246.66,836.74,1022.82,37.2,115,122
DEL-10843,Piping & Layout,Construction & Erection,44541.39,10901.27,12135.31,24.5,81,110
DEL-10844,Instrumentation & Control,Engineering & Design,3848.78,1884.96,1966.24,49.0,58,73
DEL-10845,Piping & Layout,Procurement & Fabrication,8819.91,7075.99,7688.22,80.2,75,71
DEL-10846,Civil & Structural,Construction & Erection,2920.39,1058.38,1122.37,36.2,35,38
DEL-10847,Piping & Layout,Engineering & Design,923.12,753.1,656.03,81.6,21,20
DEL-10848,Instrumentation & Control,Engineering & Design,4288.93,3444.61,2940.34,80.3,111,160
DEL-10849,Civil & Structural,Procurement & Fabrication,3973.95,1364.3,1402.74,34.3,113,103
DEL-10850,Mechanical Equipment,Engineering & Design,3569.2,2307.28,2427.21,64.6,25,26
DEL-10851,Piping & Layout,Engineering & Design,4484.07,4035.01,4203.27,90.0,59,67
DEL-10852,Electrical,Procurement & Fabrication,6071.83,2433.1,2777.17,40.1,46,53
DEL-10853,Piping & Layout,Pre-Commissioning,4358.6,3072.36,3095.95,70.5,100,119
DEL-10854,Instrumentation & Control,Procurement & Fabrication,1787.9,448.32,504.11,25.1,97,118
DEL-10855,Piping & Layout,Engineering & Design,7251.39,4369.62,4449.63,60.3,50,60
DEL-10856,Piping & Layout,Engineering & Design,1033.29,398.35,523.24,38.6,51,50
DEL-10857,Piping & Layout,Construction & Erection,953.09,665.05,699.71,69.8,89,85
DEL-10858,Civil & Structural,Procurement & Fabrication,8878.11,7823.22,10882.94,88.1,55,59
DEL-10859,Mechanical Equipment,Construction & Erection,7373.27,4059.22,4435.93,55.1,91,86
DEL-10860,Piping & Layout,Construction & Erection,4694.2,2414.8,2433.99,51.4,106,98
DEL-10861,Electrical,Construction & Erection,1609.44,473.38,428.45,29.4,63,61
DEL-10862,Civil & Structural,Engineering & Design,2789.65,2511.27,2068.2,90.0,29,43
DEL-10863,Civil & Structural,Construction & Erection,3983.05,3889.59,3466.73,97.7,27,37
DEL-10864,Civil & Structural,Engineering & Design,1370.99,854.24,775.7,62.3,67,68
DEL-10865,Civil & Structural,Pre-Commissioning,2721.06,2603.02,2861.3,95.7,47,30
DEL-10866,Mechanical Equipment,Construction & Erection,8282.2,6397.72,6148.69,77.2,86,81
DEL-10867,Piping & Layout,Procurement & Fabrication,15395.71,1229.67,1313.33,8.0,46,57
DEL-10868,Piping & Layout,Engineering & Design,3513.8,915.97,1128.74,26.1,115,86
DEL-10869,Instrumentation & Control,Engineering & Design,9001.9,3983.59,4090.47,44.3,62,73
DEL-10870,Instrumentation & Control,Construction & Erection,1062.9,736.06,995.07,69.3,82,96
DEL-10871,Civil & Structural,Engineering & Design,8329.52,1117.37,964.99,13.4,71,76
DEL-10872,Piping & Layout,Construction & Erection,2583.35,1802.82,1834.21,69.8,76,80
DEL-10873,Mechanical Equipment,Engineering & Design,6284.72,5543.12,5316.43,88.2,96,84
DEL-10874,Civil & Structural,Construction & Erection,4031.11,2089.2,2466.25,51.8,101,121
DEL-10875,Piping & Layout,Construction & Erection,14133.9,8785.96,6185.59,62.2,107,120
DEL-10876,Piping & Layout,Construction & Erection,2441.7,1657.84,1365.29,67.9,16,15
DEL-10877,Electrical,Construction & Erection,8120.0,5152.13,5275.25,63.4,91,82
DEL-10878,Mechanical Equipment,Engineering & Design,3930.0,1625.06,2068.23,41.4,30,25
DEL-10879,Piping & Layout,Engineering & Design,4330.14,3252.9,3493.21,75.1,22,25
DEL-10880,Piping & Layout,Construction & Erection,4242.54,1987.43,1664.01,46.8,33,34
DEL-10881,Piping & Layout,Procurement & Fabrication,2498.54,1638.35,1409.68,65.6,46,47
DEL-10882,Mechanical Equipment,Procurement & Fabrication,4859.65,2622.08,3384.97,54.0,81,61
DEL-10883,Piping & Layout,Engineering & Design,4674.52,1960.0,1855.79,41.9,46,39
DEL-10884,Piping & Layout,Engineering & Design,5960.99,3815.15,3428.13,64.0,119,97
DEL-10885,Electrical,Engineering & Design,5258.52,4549.52,5739.7,86.5,99,120
DEL-10886,Piping & Layout,Construction & Erection,9305.82,1614.38,1923.79,17.3,39,43
DEL-10887,Mechanical Equipment,Engineering & Design,10288.76,5997.96,7384.15,58.3,67,67
DEL-10888,Piping & Layout,Construction & Erection,2120.7,460.61,413.39,21.7,95,122
DEL-10889,Piping & Layout,Engineering & Design,9847.94,1655.71,1343.17,16.8,39,49
DEL-10890,Piping & Layout,Construction & Erection,1902.51,583.35,618.34,30.7,47,60
DEL-10891,Electrical,Procurement & Fabrication,7865.84,7089.53,7729.49,90.1,45,46
DEL-10892,Instrumentation & Control,Construction & Erection,8069.05,4920.89,5386.85,61.0,50,39
DEL-10893,Electrical,Construction & Erection,1065.23,479.36,604.82,45.0,101,142
DEL-10894,Civil & Structural,Procurement & Fabrication,5294.29,2312.26,1803.42,43.7,103,120
DEL-10895,Mechanical Equipment,Pre-Commissioning,3378.55,2575.71,3010.88,76.2,63,74
DEL-10896,Piping & Layout,Pre-Commissioning,2678.43,1715.35,1501.8,64.0,58,69
DEL-10897,Piping & Layout,Construction & Erection,14482.29,5990.44,6998.99,41.4,62,100
DEL-10898,Instrumentation & Control,Construction & Erection,2913.34,689.34,667.8,23.7,44,46
DEL-10899,Piping & Layout,Engineering & Design,2578.33,795.51,730.2,30.9,27,36
DEL-10900,Piping & Layout,Construction & Erection,5221.58,4807.9,4560.37,92.1,57,51
DEL-10901,Piping & Layout,Engineering & Design,8505.53,5511.27,4536.65,64.8,107,131
DEL-10902,Piping & Layout,Engineering & Design,4388.23,1951.64,2041.54,44.5,30,43
DEL-10903,Piping & Layout,Pre-Commissioning,12495.16,8941.11,8262.47,71.6,116,122
DEL-10904,Mechanical Equipment,Procurement & Fabrication,7515.93,5768.09,6679.13,76.7,105,71
DEL-10905,Civil & Structural,Construction & Erection,860.43,369.97,420.28,43.0,40,47
DEL-10906,Instrumentation & Control,Construction & Erection,3217.71,1479.98,1913.94,46.0,89,90
DEL-10907,Electrical,Construction & Erection,3135.44,1687.91,1848.18,53.8,61,75
DEL-10908,Piping & Layout,Pre-Commissioning,7211.91,6018.53,6729.33,83.5,51,49
DEL-10909,Piping & Layout,Engineering & Design,601.93,544.59,680.74,90.5,17,26
DEL-10910,Civil & Structural,Engineering & Design,37767.63,21896.5,20710.82,58.0,40,43
DEL-10911,Mechanical Equipment,Procurement & Fabrication,7516.24,6497.71,5307.08,86.4,112,136
DEL-10912,Piping & Layout,Engineering & Design,5536.41,445.72,476.93,8.1,111,95
DEL-10913,Mechanical Equipment,Engineering & Design,12648.0,4853.26,4011.73,38.4,29,24
DEL-10914,Civil & Structural,Procurement & Fabrication,32045.86,28028.39,39466.52,87.5,80,64
DEL-10915,Mechanical Equipment,Construction & Erection,9863.51,5745.79,7230.06,58.3,42,34
DEL-10916,Civil & Structural,Construction & Erection,10499.16,7358.52,10041.41,70.1,98,117
DEL-10917,Piping & Layout,Procurement & Fabrication,5456.44,2713.19,2847.13,49.7,52,49
DEL-10918,Instrumentation & Control,Construction & Erection,4388.66,2935.99,3295.9,66.9,58,47
DEL-10919,Electrical,Engineering & Design,3358.88,2145.91,2083.85,63.9,67,62
DEL-10920,Piping & Layout,Engineering & Design,2537.95,1968.32,2307.73,77.6,94,113
DEL-10921,Instrumentation & Control,Construction & Erection,2836.68,839.67,720.16,29.6,18,22
DEL-10922,Civil & Structural,Construction & Erection,1668.29,289.03,202.32,17.3,86,108
DEL-10923,Instrumentation & Control,Construction & Erection,4625.33,1192.56,1098.82,25.8,58,58
DEL-10924,Electrical,Engineering & Design,1277.0,1083.28,890.11,84.8,60,88
DEL-10925,Civil & Structural,Construction & Erection,5725.78,1013.51,1278.73,17.7,98,125
DEL-10926,Piping & Layout,Construction & Erection,4773.98,2278.68,2990.43,47.7,40,33
DEL-10927,Piping & Layout,Construction & Erection,5527.82,2212.69,1835.56,40.0,110,134
DEL-10928,Civil & Structural,Construction & Erection,3236.65,2649.9,3269.33,81.9,27,29
DEL-10929,Mechanical Equipment,Construction & Erection,57612.12,33060.81,39101.27,57.4,83,85
DEL-10930,Piping & Layout,Construction & Erection,14590.02,11080.65,8914.75,75.9,58,62
DEL-10931,Piping & Layout,Construction & Erection,1815.95,236.39,232.01,13.0,67,62
DEL-10932,Electrical,Pre-Commissioning,5921.2,2028.71,1933.31,34.3,65,82
DEL-10933,Instrumentation & Control,Construction & Erection,3021.76,2344.12,2700.89,77.6,27,25
DEL-10934,Civil & Structural,Procurement & Fabrication,2182.91,1147.99,982.32,52.6,55,52
DEL-10935,Piping & Layout,Construction & Erection,1682.34,786.65,806.44,46.8,25,30
DEL-10936,Piping & Layout,Procurement & Fabrication,6944.97,3791.23,3552.79,54.6,51,76
DEL-10937,Piping & Layout,Engineering & Design,2849.49,1741.88,1935.23,61.1,74,71
DEL-10938,Instrumentation & Control,Construction & Erection,10660.08,5504.81,5546.0,51.6,46,37
DEL-10939,Piping & Layout,Pre-Commissioning,10883.75,2510.71,2409.57,23.1,59,76
DEL-10940,Mechanical Equipment,Pre-Commissioning,14751.96,10502.65,10586.73,71.2,32,35
DEL-10941,Piping & Layout,Procurement & Fabrication,2485.16,2006.52,2699.59,80.7,107,124
DEL-10942,Mechanical Equipment,Procurement & Fabrication,7188.89,2580.05,2521.91,35.9,93,99
DEL-10943,Mechanical Equipment,Engineering & Design,8151.55,3903.51,3450.11,47.9,34,40
DEL-10944,Electrical,Pre-Commissioning,3363.23,2236.05,2521.18,66.5,58,66
DEL-10945,Piping & Layout,Pre-Commissioning,2650.71,2390.42,2434.58,90.2,50,48
DEL-10946,Piping & Layout,Construction & Erection,17811.8,9511.83,7873.09,53.4,83,100
DEL-10947,Piping & Layout,Construction & Erection,5895.81,3339.75,4591.24,56.6,118,137
DEL-10948,Instrumentation & Control,Construction & Erection,8174.49,4548.28,4489.74,55.6,51,50
DEL-10949,Instrumentation & Control,Construction & Erection,2546.15,1428.26,1404.43,56.1,47,48
DEL-10950,Mechanical Equipment,Engineering & Design,1853.02,1078.8,1147.82,58.2,96,87
DEL-10951,Mechanical Equipment,Procurement & Fabrication,3116.42,1935.47,2515.17,62.1,33,38
DEL-10952,Mechanical Equipment,Construction & Erection,4450.55,2034.52,1603.28,45.7,65,75
DEL-10953,Piping & Layout,Construction & Erection,2097.76,2074.77,2243.65,98.9,46,48
DEL-10954,Instrumentation & Control,Procurement & Fabrication,4876.21,851.05,1151.55,17.5,36,30
DEL-10955,Civil & Structural,Pre-Commissioning,1273.08,522.06,553.02,41.0,119,78
DEL-10956,Civil & Structural,Engineering & Design,2006.13,1445.49,1235.46,72.1,15,15
DEL-10957,Civil & Structural,Procurement & Fabrication,8406.24,5494.51,5204.63,65.4,68,75
DEL-10958,Piping & Layout,Construction & Erection,7966.75,5693.22,6097.62,71.5,103,122
DEL-10959,Piping & Layout,Construction & Erection,3592.12,1614.01,2000.75,44.9,34,44
DEL-10960,Electrical,Construction & Erection,2177.19,1679.6,1661.29,77.1,72,71
DEL-10961,Piping & Layout,Engineering & Design,2160.46,611.13,711.35,28.3,49,36
DEL-10962,Mechanical Equipment,Engineering & Design,3646.0,2259.55,1863.44,62.0,84,80
DEL-10963,Piping & Layout,Construction & Erection,8230.6,3260.39,2684.75,39.6,84,126
DEL-10964,Civil & Structural,Construction & Erection,10327.82,4093.96,3961.23,39.6,75,104
DEL-10965,Piping & Layout,Engineering & Design,3303.62,801.52,1006.47,24.3,77,88
DEL-10966,Civil & Structural,Construction & Erection,1953.16,1254.62,1317.77,64.2,115,112
DEL-10967,Electrical,Procurement & Fabrication,6089.22,3941.56,4270.57,64.7,75,78
DEL-10968,Piping & Layout,Construction & Erection,2543.18,2080.4,2250.39,81.8,71,100
DEL-10969,Mechanical Equipment,Construction & Erection,3246.71,2605.5,3143.23,80.3,17,19
DEL-10970,Civil & Structural,Engineering & Design,14188.98,3339.68,3167.58,23.5,115,113
DEL-10971,Mechanical Equipment,Engineering & Design,9525.16,8320.53,9512.38,87.4,109,144
DEL-10972,Instrumentation & Control,Construction & Erection,5576.85,5046.78,4619.66,90.5,113,76
DEL-10973,Electrical,Construction & Erection,1776.61,1516.37,2028.13,85.4,59,51
DEL-10974,Piping & Layout,Construction & Erection,5820.36,1747.69,1607.77,30.0,29,26
DEL-10975,Piping & Layout,Construction & Erection,11500.27,3322.7,3015.82,28.9,31,39
DEL-10976,Piping & Layout,Construction & Erection,3639.11,3035.25,3406.92,83.4,29,27
DEL-10977,Mechanical Equipment,Pre-Commissioning,14485.32,5072.69,5336.31,35.0,19,13
DEL-10978,Piping & Layout,Procurement & Fabrication,13824.48,4019.26,4377.09,29.1,100,92
DEL-10979,Civil & Structural,Procurement & Fabrication,18601.29,15960.4,17143.02,85.8,60,58
DEL-10980,Mechanical Equipment,Procurement & Fabrication,6274.16,3383.67,2965.59,53.9,25,26
DEL-10981,Piping & Layout,Engineering & Design,7862.92,4088.38,5241.32,52.0,78,85
DEL-10982,Electrical,Construction & Erection,15234.99,6058.44,7112.79,39.8,106,133
DEL-10983,Piping & Layout,Engineering & Design,7029.81,6670.91,8297.56,94.9,28,28
DEL-10984,Piping & Layout,Pre-Commissioning,3291.22,874.33,840.02,26.6,53,50
DEL-10985,Electrical,Construction & Erection,3432.92,1699.32,1873.46,49.5,81,87
DEL-10986,Civil & Structural,Construction & Erection,5948.2,3387.69,3623.49,57.0,69,76
DEL-10987,Mechanical Equipment,Procurement & Fabrication,1750.31,960.96,1161.99,54.9,56,53
DEL-10988,Civil & Structural,Engineering & Design,4382.58,3138.75,3810.55,71.6,89,64
DEL-10989,Piping & Layout,Engineering & Design,11816.33,5274.39,5638.09,44.6,108,104
DEL-10990,Electrical,Procurement & Fabrication,851.5,88.82,72.15,10.4,116,142
DEL-10991,Electrical,Engineering & Design,16774.01,7754.97,10135.35,46.2,19,20
DEL-10992,Mechanical Equipment,Construction & Erection,12063.01,6580.35,7392.35,54.5,66,86
DEL-10993,Piping & Layout,Construction & Erection,3402.24,305.75,290.08,9.0,36,42
DEL-10994,Mechanical Equipment,Construction & Erection,7590.95,4116.25,4531.91,54.2,91,87
DEL-10995,Civil & Structural,Construction & Erection,4927.16,1099.39,894.17,22.3,58,79
DEL-10996,Piping & Layout,Engineering & Design,13147.57,7174.23,8596.9,54.6,99,88
DEL-10997,Instrumentation & Control,Construction & Erection,10787.53,1869.13,1531.41,17.3,73,53
DEL-10998,Piping & Layout,Construction & Erection,1603.5,819.97,825.61,51.1,115,130
DEL-10999,Instrumentation & Control,Engineering & Design,7862.11,5120.26,5512.82,65.1,39,35
DEL-11000,Civil & Structural,Construction & Erection,4169.28,3940.98,4712.73,94.5,35,37
DEL-11001,Piping & Layout,Engineering & Design,5251.48,3573.74,3773.81,68.1,106,90
DEL-11002,Civil & Structural,Construction & Erection,2744.8,2274.65,2582.28,82.9,78,83
DEL-11003,Instrumentation & Control,Pre-Commissioning,19900.69,9173.43,9501.61,46.1,119,138
DEL-11004,Electrical,Engineering & Design,11294.25,7137.6,7388.64,63.2,82,97
DEL-11005,Electrical,Construction & Erection,2719.44,1753.02,1845.62,64.5,107,89
DEL-11006,Mechanical Equipment,Construction & Erection,1689.71,394.36,398.95,23.3,61,48
DEL-11007,Mechanical Equipment,Pre-Commissioning,3610.0,1761.41,1386.26,48.8,49,56
DEL-11008,Electrical,Procurement & Fabrication,6957.69,3732.62,3451.75,53.6,101,99
DEL-11009,Piping & Layout,Construction & Erection,5956.06,4600.47,4953.4,77.2,21,20
DEL-11010,Civil & Structural,Engineering & Design,13393.25,12984.43,13018.6,96.9,70,73
DEL-11011,Piping & Layout,Procurement & Fabrication,9245.9,7107.5,7225.69,76.9,66,68
DEL-11012,Instrumentation & Control,Engineering & Design,10674.95,9041.92,8965.04,84.7,60,68
DEL-11013,Instrumentation & Control,Pre-Commissioning,6383.58,5176.53,4713.03,81.1,23,27
DEL-11014,Piping & Layout,Construction & Erection,1617.38,875.15,845.42,54.1,72,90
DEL-11015,Electrical,Construction & Erection,4202.53,1668.44,1658.39,39.7,37,37
DEL-11016,Instrumentation & Control,Pre-Commissioning,11476.67,2765.34,2878.09,24.1,17,21
DEL-11017,Piping & Layout,Engineering & Design,4716.31,3289.28,3614.95,69.7,75,88
DEL-11018,Mechanical Equipment,Procurement & Fabrication,7350.12,3890.87,3941.13,52.9,23,28
DEL-11019,Instrumentation & Control,Engineering & Design,3808.54,2108.9,1867.54,55.4,67,56
DEL-11020,Piping & Layout,Engineering & Design,2156.3,1738.59,1443.53,80.6,82,85
DEL-11021,Mechanical Equipment,Engineering & Design,4452.96,2160.06,3088.05,48.5,63,91
DEL-11022,Piping & Layout,Procurement & Fabrication,6293.28,3858.0,3358.49,61.3,103,81
DEL-11023,Instrumentation & Control,Engineering & Design,2908.67,2173.85,2091.69,74.7,84,119
DEL-11024,Instrumentation & Control,Engineering & Design,4070.13,1737.28,1941.5,42.7,62,87
DEL-11025,Instrumentation & Control,Engineering & Design,2317.93,1876.56,2053.2,81.0,96,116
DEL-11026,Civil & Structural,Engineering & Design,12032.85,4350.2,4864.09,36.2,21,17
DEL-11027,Instrumentation & Control,Pre-Commissioning,3883.28,1387.4,1350.76,35.7,113,115
DEL-11028,Electrical,Construction & Erection,15712.38,9967.46,10722.84,63.4,45,55
DEL-11029,Piping & Layout,Pre-Commissioning,16697.23,4224.53,4432.38,25.3,116,92
DEL-11030,Electrical,Procurement & Fabrication,4606.22,3229.46,3207.43,70.1,70,84
DEL-11031,Piping & Layout,Engineering & Design,2193.47,972.58,1047.28,44.3,110,119
DEL-11032,Mechanical Equipment,Construction & Erection,926.38,346.02,414.64,37.4,113,107
DEL-11033,Piping & Layout,Procurement & Fabrication,1513.79,1311.98,1360.09,86.7,75,63
DEL-11034,Piping & Layout,Engineering & Design,1637.51,1504.41,1561.08,91.9,106,143
DEL-11035,Piping & Layout,Engineering & Design,14805.82,7264.78,8719.36,49.1,19,23
DEL-11036,Mechanical Equipment,Engineering & Design,5391.94,1621.8,1920.54,30.1,44,45
DEL-11037,Piping & Layout,Engineering & Design,6712.21,2778.6,3549.91,41.4,36,38
DEL-11038,Electrical,Procurement & Fabrication,831.86,524.27,407.13,63.0,31,31
DEL-11039,Piping & Layout,Construction & Erection,1884.89,769.02,904.19,40.8,24,17
DEL-11040,Piping & Layout,Engineering & Design,9993.24,5391.49,6093.66,54.0,85,112
DEL-11041,Civil & Structural,Engineering & Design,6182.14,5488.25,4978.67,88.8,82,91
DEL-11042,Electrical,Construction & Erection,4368.77,2916.48,3143.2,66.8,56,70
DEL-11043,Piping & Layout,Engineering & Design,7722.35,4040.6,4839.29,52.3,41,40
DEL-11044,Mechanical Equipment,Procurement & Fabrication,18190.2,6210.81,5686.78,34.1,21,23
DEL-11045,Instrumentation & Control,Construction & Erection,4118.18,2490.96,2755.96,60.5,37,42
DEL-11046,Mechanical Equipment,Engineering & Design,5195.23,4547.3,5323.54,87.5,89,113
DEL-11047,Piping & Layout,Engineering & Design,5733.48,1820.82,1601.13,31.8,22,31
DEL-11048,Piping & Layout,Procurement & Fabrication,33312.49,10118.69,10307.47,30.4,22,22
DEL-11049,Instrumentation & Control,Procurement & Fabrication,916.46,288.15,312.69,31.4,115,114
DEL-11050,Piping & Layout,Construction & Erection,8489.44,5428.1,4997.0,63.9,19,19
DEL-11051,Instrumentation & Control,Construction & Erection,4483.5,2047.96,1859.81,45.7,85,80
DEL-11052,Civil & Structural,Engineering & Design,7734.28,6480.68,6608.63,83.8,100,159
DEL-11053,Instrumentation & Control,Construction & Erection,2904.75,1535.04,1781.03,52.8,114,82
DEL-11054,Electrical,Procurement & Fabrication,4725.97,3290.91,3740.32,69.6,16,26
DEL-11055,Instrumentation & Control,Engineering & Design,8683.05,4143.34,3773.7,47.7,102,121
DEL-11056,Civil & Structural,Construction & Erection,59297.84,40181.06,45719.03,67.8,65,68
DEL-11057,Electrical,Engineering & Design,9380.88,5295.09,4842.94,56.4,80,71
DEL-11058,Civil & Structural,Procurement & Fabrication,2493.76,596.23,476.08,23.9,26,27
DEL-11059,Civil & Structural,Engineering & Design,3501.66,1385.55,1364.67,39.6,61,58
DEL-11060,Mechanical Equipment,Procurement & Fabrication,3419.57,2235.71,2701.73,65.4,69,92
DEL-11061,Instrumentation & Control,Procurement & Fabrication,1168.51,630.72,718.01,54.0,40,47
DEL-11062,Instrumentation & Control,Construction & Erection,3774.14,1542.64,1603.99,40.9,116,162
DEL-11063,Electrical,Engineering & Design,8833.12,1507.71,1473.78,17.1,59,59
DEL-11064,Civil & Structural,Procurement & Fabrication,1773.33,285.91,280.63,16.1,76,83
DEL-11065,Civil & Structural,Procurement & Fabrication,11370.6,9177.45,9694.3,80.7,84,87
DEL-11066,Electrical,Construction & Erection,7260.62,2175.4,1913.77,30.0,101,100
DEL-11067,Piping & Layout,Construction & Erection,2731.52,1631.83,1611.9,59.7,16,14
DEL-11068,Piping & Layout,Construction & Erection,4388.65,2315.37,2333.12,52.8,40,48
DEL-11069,Civil & Structural,Construction & Erection,17652.94,4221.12,3534.51,23.9,28,32
DEL-11070,Piping & Layout,Construction & Erection,8838.2,6838.68,6252.15,77.4,96,101
DEL-11071,Piping & Layout,Procurement & Fabrication,4949.43,4544.92,5006.57,91.8,116,135
DEL-11072,Piping & Layout,Procurement & Fabrication,4063.72,1663.63,1732.55,40.9,71,69
DEL-11073,Piping & Layout,Construction & Erection,5225.4,2103.99,2090.7,40.3,46,49
DEL-11074,Piping & Layout,Pre-Commissioning,3263.61,1287.0,1162.52,39.4,76,94
DEL-11075,Instrumentation & Control,Construction & Erection,912.51,556.23,710.05,61.0,92,116
DEL-11076,Civil & Structural,Procurement & Fabrication,25178.41,14513.68,13269.9,57.6,44,60
DEL-11077,Civil & Structural,Engineering & Design,5565.04,2265.42,2441.54,40.7,27,23
DEL-11078,Mechanical Equipment,Procurement & Fabrication,6758.24,5965.47,5767.54,88.3,54,47
DEL-11079,Piping & Layout,Construction & Erection,4692.28,2366.06,2473.58,50.4,45,37
DEL-11080,Instrumentation & Control,Procurement & Fabrication,2729.59,273.08,302.75,10.0,51,47
DEL-11081,Electrical,Procurement & Fabrication,4235.52,2647.35,2209.11,62.5,59,59
DEL-11082,Piping & Layout,Construction & Erection,1367.15,847.79,880.86,62.0,116,133
DEL-11083,Civil & Structural,Procurement & Fabrication,30383.93,29630.68,36108.22,97.5,100,129
DEL-11084,Instrumentation & Control,Construction & Erection,1830.58,1388.18,1810.49,75.8,73,72
DEL-11085,Instrumentation & Control,Procurement & Fabrication,2152.59,380.7,388.5,17.7,42,49
DEL-11086,Civil & Structural,Procurement & Fabrication,3455.74,2875.64,3008.65,83.2,75,99
DEL-11087,Mechanical Equipment,Procurement & Fabrication,13772.93,5612.02,7698.01,40.7,33,32
DEL-11088,Piping & Layout,Construction & Erection,4972.15,1655.85,2003.98,33.3,57,57
DEL-11089,Instrumentation & Control,Engineering & Design,1828.21,1241.51,1176.22,67.9,73,78
DEL-11090,Piping & Layout,Engineering & Design,13406.17,11785.1,11162.28,87.9,30,22
DEL-11091,Instrumentation & Control,Pre-Commissioning,8820.21,4841.03,5729.28,54.9,83,96
DEL-11092,Mechanical Equipment,Engineering & Design,7560.92,3126.63,2777.52,41.4,58,48
DEL-11093,Mechanical Equipment,Construction & Erection,8713.14,2688.19,3234.31,30.9,80,97
DEL-11094,Civil & Structural,Construction & Erection,33372.57,27703.63,30200.97,83.0,24,23
DEL-11095,Piping & Layout,Procurement & Fabrication,28228.18,9486.37,10602.51,33.6,61,58
DEL-11096,Piping & Layout,Construction & Erection,2837.36,2374.99,2378.53,83.7,33,29
DEL-11097,Piping & Layout,Engineering & Design,18017.67,14205.46,13431.64,78.8,98,114
DEL-11098,Piping & Layout,Construction & Erection,6677.74,5802.89,7307.58,86.9,107,125
DEL-11099,Electrical,Procurement & Fabrication,7326.67,2957.39,2966.23,40.4,103,100
DEL-11100,Civil & Structural,Construction & Erection,1269.25,757.26,740.87,59.7,95,135
DEL-11101,Piping & Layout,Engineering & Design,4288.5,3182.19,3271.22,74.2,65,69
DEL-11102,Instrumentation & Control,Construction & Erection,2565.07,419.44,448.36,16.4,27,29
DEL-11103,Instrumentation & Control,Engineering & Design,9532.35,1305.28,1155.66,13.7,77,83
DEL-11104,Instrumentation & Control,Engineering & Design,11578.03,2597.89,2481.68,22.4,30,28
DEL-11105,Instrumentation & Control,Engineering & Design,934.87,701.08,664.13,75.0,67,58
DEL-11106,Piping & Layout,Engineering & Design,4828.89,4689.35,5471.5,97.1,49,48
DEL-11107,Civil & Structural,Construction & Erection,12058.07,8871.55,8047.43,73.6,114,135
DEL-11108,Electrical,Engineering & Design,4232.96,4074.12,3164.1,96.2,73,50
DEL-11109,Mechanical Equipment,Pre-Commissioning,8806.55,5344.71,3981.47,60.7,53,40
DEL-11110,Piping & Layout,Pre-Commissioning,6508.94,5339.65,4375.54,82.0,81,76
DEL-11111,Electrical,Construction & Erection,6459.64,2417.38,3007.78,37.4,87,61
DEL-11112,Piping & Layout,Engineering & Design,3955.84,3354.66,3497.0,84.8,118,92
DEL-11113,Piping & Layout,Procurement & Fabrication,1857.03,1421.18,1584.89,76.5,75,92
DEL-11114,Civil & Structural,Construction & Erection,2003.75,1177.87,1319.77,58.8,64,62
DEL-11115,Mechanical Equipment,Procurement & Fabrication,8668.77,4496.2,4713.94,51.9,67,60
DEL-11116,Mechanical Equipment,Engineering & Design,4991.87,2838.52,2920.22,56.9,60,65
DEL-11117,Piping & Layout,Construction & Erection,4399.25,1771.24,2119.61,40.3,66,71
DEL-11118,Instrumentation & Control,Construction & Erection,3501.29,1875.65,1991.75,53.6,43,56
DEL-11119,Piping & Layout,Construction & Erection,3850.08,1040.68,1300.71,27.0,19,13
DEL-11120,Piping & Layout,Engineering & Design,11356.32,5901.05,6686.63,52.0,81,71
DEL-11121,Instrumentation & Control,Construction & Erection,3758.61,1478.5,1400.63,39.3,88,83
DEL-11122,Instrumentation & Control,Engineering & Design,1681.01,1064.37,1027.58,63.3,109,124
DEL-11123,Instrumentation & Control,Engineering & Design,8909.93,5128.35,4773.88,57.6,89,146
DEL-11124,Electrical,Construction & Erection,4171.78,2044.26,2499.38,49.0,95,112
DEL-11125,Mechanical Equipment,Engineering & Design,5039.77,2289.55,2242.03,45.4,54,54
DEL-11126,Mechanical Equipment,Engineering & Design,17784.15,11343.5,10438.62,63.8,119,97
DEL-11127,Piping & Layout,Engineering & Design,4834.59,4194.88,4563.89,86.8,86,68
DEL-11128,Civil & Structural,Construction & Erection,6194.07,2642.97,2710.17,42.7,16,20
DEL-11129,Civil & Structural,Construction & Erection,1913.83,1135.9,1231.53,59.4,82,74
DEL-11130,Piping & Layout,Construction & Erection,4122.7,2492.5,3298.76,60.5,76,75
DEL-11131,Electrical,Construction & Erection,8003.39,2884.17,3394.56,36.0,94,131
DEL-11132,Civil & Structural,Engineering & Design,1416.16,1132.12,1181.99,79.9,119,85
DEL-11133,Piping & Layout,Procurement & Fabrication,5771.44,4748.12,3934.94,82.3,72,80
DEL-11134,Piping & Layout,Procurement & Fabrication,5327.48,4105.96,3962.28,77.1,119,105
DEL-11135,Mechanical Equipment,Engineering & Design,5079.81,1669.29,1914.1,32.9,99,137
DEL-11136,Piping & Layout,Procurement & Fabrication,11268.06,4131.61,3571.13,36.7,83,72
DEL-11137,Instrumentation & Control,Pre-Commissioning,6422.42,6141.22,8359.09,95.6,72,86
DEL-11138,Civil & Structural,Engineering & Design,16033.85,2810.72,2929.23,17.5,49,34
DEL-11139,Civil & Structural,Engineering & Design,2219.7,1446.0,1514.43,65.1,28,38
DEL-11140,Mechanical Equipment,Engineering & Design,5479.34,1195.39,1123.67,21.8,29,36
DEL-11141,Electrical,Engineering & Design,5258.35,3515.28,3917.82,66.9,20,19
DEL-11142,Piping & Layout,Pre-Commissioning,2089.33,1529.54,1325.04,73.2,30,34
DEL-11143,Mechanical Equipment,Procurement & Fabrication,10562.19,2587.67,3531.48,24.5,101,126
DEL-11144,Mechanical Equipment,Procurement & Fabrication,31562.93,14204.35,17579.34,45.0,109,119
DEL-11145,Piping & Layout,Construction & Erection,4848.36,871.68,1035.24,18.0,60,59
DEL-11146,Instrumentation & Control,Engineering & Design,7361.48,369.97,307.61,5.0,77,80
DEL-11147,Electrical,Procurement & Fabrication,5258.57,4533.94,4855.0,86.2,26,28
DEL-11148,Mechanical Equipment,Procurement & Fabrication,2777.02,1116.88,1364.12,40.2,55,59
DEL-11149,Instrumentation & Control,Construction & Erection,1145.27,1079.58,1218.81,94.3,33,38
DEL-11150,Instrumentation & Control,Pre-Commissioning,2794.42,1127.45,1003.07,40.3,90,77
DEL-11151,Electrical,Construction & Erection,1613.94,550.39,518.74,34.1,91,85
DEL-11152,Electrical,Procurement & Fabrication,19211.83,3683.81,3581.43,19.2,16,16
DEL-11153,Mechanical Equipment,Construction & Erection,4482.39,1920.05,1823.06,42.8,34,39
DEL-11154,Mechanical Equipment,Engineering & Design,3726.65,1348.91,1712.2,36.2,109,82
DEL-11155,Mechanical Equipment,Engineering & Design,10009.83,8742.68,6573.17,87.3,23,25
DEL-11156,Electrical,Engineering & Design,2003.4,1384.01,1575.54,69.1,35,43
DEL-11157,Piping & Layout,Procurement & Fabrication,2661.14,2587.1,2189.09,97.2,22,24
DEL-11158,Instrumentation & Control,Procurement & Fabrication,5189.84,3441.4,3082.85,66.3,53,57
DEL-11159,Instrumentation & Control,Construction & Erection,11192.68,2187.87,1615.83,19.5,51,51
DEL-11160,Piping & Layout,Pre-Commissioning,7341.86,5447.93,5217.16,74.2,43,46
DEL-11161,Electrical,Procurement & Fabrication,5994.87,3924.01,4970.2,65.5,97,94
DEL-11162,Piping & Layout,Procurement & Fabrication,5231.71,3674.43,3967.37,70.2,49,50
DEL-11163,Piping & Layout,Engineering & Design,6769.54,3065.0,2636.65,45.3,52,51
DEL-11164,Electrical,Engineering & Design,5775.17,4425.53,5277.77,76.6,104,107
DEL-11165,Piping & Layout,Construction & Erection,2156.03,737.72,903.48,34.2,89,89
DEL-11166,Electrical,Procurement & Fabrication,5099.32,768.49,811.22,15.1,114,94
DEL-11167,Electrical,Construction & Erection,2081.93,273.02,367.27,13.1,49,37
DEL-11168,Civil & Structural,Engineering & Design,5244.14,2153.01,2504.45,41.1,82,88
DEL-11169,Piping & Layout,Engineering & Design,3345.87,1379.11,1575.49,41.2,17,20
DEL-11170,Piping & Layout,Procurement & Fabrication,37477.85,19065.39,17530.5,50.9,26,36
DEL-11171,Mechanical Equipment,Engineering & Design,4760.39,2639.58,2993.58,55.4,46,59
DEL-11172,Instrumentation & Control,Engineering & Design,1598.16,1501.58,1610.48,94.0,61,76
DEL-11173,Mechanical Equipment,Construction & Erection,4414.53,3914.02,4375.77,88.7,77,85
DEL-11174,Piping & Layout,Engineering & Design,7446.41,4970.02,4658.46,66.7,40,43
DEL-11175,Mechanical Equipment,Construction & Erection,18745.17,3506.53,3714.17,18.7,57,51
DEL-11176,Civil & Structural,Engineering & Design,3066.95,2884.56,2646.5,94.1,91,80
DEL-11177,Electrical,Engineering & Design,1385.83,509.63,365.88,36.8,58,64
DEL-11178,Piping & Layout,Procurement & Fabrication,9447.16,2778.95,3306.25,29.4,52,46
DEL-11179,Electrical,Construction & Erection,1628.67,1255.56,1022.83,77.1,43,45
DEL-11180,Civil & Structural,Procurement & Fabrication,3467.11,1487.4,1570.81,42.9,69,39
DEL-11181,Instrumentation & Control,Construction & Erection,3999.42,2757.48,3005.52,68.9,66,76
DEL-11182,Piping & Layout,Engineering & Design,4648.47,3627.64,3950.45,78.0,33,28
DEL-11183,Mechanical Equipment,Construction & Erection,8529.89,2658.71,2652.16,31.2,49,38
DEL-11184,Instrumentation & Control,Engineering & Design,2844.36,2470.84,2670.19,86.9,62,75
DEL-11185,Piping & Layout,Construction & Erection,3948.21,2236.48,2483.93,56.6,119,149
DEL-11186,Instrumentation & Control,Construction & Erection,4858.98,2823.5,3247.72,58.1,105,110
DEL-11187,Mechanical Equipment,Pre-Commissioning,5539.6,4550.16,5915.29,82.1,74,68
DEL-11188,Piping & Layout,Procurement & Fabrication,5314.86,1435.12,1542.94,27.0,45,54
DEL-11189,Piping & Layout,Engineering & Design,6966.06,4215.08,4424.18,60.5,17,15
DEL-11190,Electrical,Engineering & Design,9653.46,2512.16,2270.97,26.0,49,50
DEL-11191,Piping & Layout,Construction & Erection,6728.5,1878.49,2076.47,27.9,102,136
DEL-11192,Mechanical Equipment,Procurement & Fabrication,7064.72,2645.49,3016.14,37.4,66,75
DEL-11193,Piping & Layout,Construction & Erection,1386.06,904.96,915.06,65.3,85,89
DEL-11194,Mechanical Equipment,Engineering & Design,5116.28,2251.27,2525.23,44.0,65,65
DEL-11195,Piping & Layout,Procurement & Fabrication,7212.75,5509.26,5487.9,76.4,70,75
DEL-11196,Instrumentation & Control,Engineering & Design,8805.69,5288.16,6031.93,60.1,113,126
DEL-11197,Instrumentation & Control,Pre-Commissioning,2824.59,1702.62,2003.8,60.3,35,29
DEL-11198,Instrumentation & Control,Construction & Erection,2900.88,290.1,340.81,10.0,15,20
DEL-11199,Electrical,Pre-Commissioning,3104.85,1647.68,1742.72,53.1,67,65
DEL-11200,Piping & Layout,Engineering & Design,7548.7,3050.32,2696.5,40.4,20,20
DEL-11201,Electrical,Construction & Erection,11238.55,10058.81,9537.89,89.5,117,143
DEL-11202,Piping & Layout,Construction & Erection,3547.62,2094.4,2365.15,59.0,112,116
DEL-11203,Piping & Layout,Procurement & Fabrication,10161.59,7407.28,10424.43,72.9,96,119
DEL-11204,Piping & Layout,Construction & Erection,5425.06,3325.7,3288.76,61.3,76,80
DEL-11205,Civil & Structural,Pre-Commissioning,4449.61,3114.25,3451.76,70.0,103,111
DEL-11206,Electrical,Construction & Erection,4150.12,3830.98,3664.69,92.3,93,103
DEL-11207,Mechanical Equipment,Construction & Erection,8931.05,6149.53,5497.09,68.9,61,69
DEL-11208,Civil & Structural,Engineering & Design,6377.06,5132.93,4817.52,80.5,110,129
DEL-11209,Piping & Layout,Engineering & Design,30353.29,20071.71,14604.76,66.1,64,81
DEL-11210,Instrumentation & Control,Pre-Commissioning,2485.48,2190.19,2722.43,88.1,96,121
DEL-11211,Civil & Structural,Engineering & Design,7438.92,6426.76,4533.95,86.4,45,41
DEL-11212,Civil & Structural,Construction & Erection,3218.4,3117.91,3119.24,96.9,78,105
DEL-11213,Piping & Layout,Construction & Erection,2451.78,368.63,318.23,15.0,43,31
DEL-11214,Electrical,Construction & Erection,4872.23,3091.43,2804.98,63.4,29,27
DEL-11215,Mechanical Equipment,Pre-Commissioning,5485.6,2099.64,2617.15,38.3,72,74
DEL-11216,Piping & Layout,Procurement & Fabrication,50743.5,41578.49,44495.64,81.9,37,31
DEL-11217,Piping & Layout,Procurement & Fabrication,4241.55,4226.5,3783.52,99.6,52,58
DEL-11218,Mechanical Equipment,Engineering & Design,1989.93,1240.43,1180.35,62.3,55,66
DEL-11219,Mechanical Equipment,Procurement & Fabrication,6114.44,2393.53,2214.44,39.1,89,82
DEL-11220,Piping & Layout,Engineering & Design,934.76,613.72,634.26,65.7,29,33
DEL-11221,Instrumentation & Control,Procurement & Fabrication,4566.19,2918.73,3111.17,63.9,101,124
DEL-11222,Piping & Layout,Construction & Erection,4978.18,4092.34,5419.63,82.2,17,11
DEL-11223,Civil & Structural,Pre-Commissioning,9280.59,3282.76,2470.46,35.4,97,106
DEL-11224,Instrumentation & Control,Engineering & Design,10709.62,9952.86,10299.0,92.9,15,17
DEL-11225,Civil & Structural,Procurement & Fabrication,3285.07,2930.4,2908.91,89.2,102,89
DEL-11226,Mechanical Equipment,Pre-Commissioning,4356.87,2217.35,2620.87,50.9,89,73
DEL-11227,Civil & Structural,Engineering & Design,2662.72,1640.79,1793.75,61.6,108,100
DEL-11228,Piping & Layout,Engineering & Design,1993.31,900.15,1015.87,45.2,25,26
DEL-11229,Instrumentation & Control,Engineering & Design,6297.55,4097.19,4473.16,65.1,74,67
DEL-11230,Civil & Structural,Construction & Erection,1774.25,638.51,574.79,36.0,117,137
DEL-11231,Instrumentation & Control,Engineering & Design,3527.34,2708.55,3309.01,76.8,79,90
DEL-11232,Piping & Layout,Pre-Commissioning,2216.89,835.27,968.73,37.7,90,102
DEL-11233,Piping & Layout,Procurement & Fabrication,7629.26,4616.95,5435.67,60.5,18,24
DEL-11234,Piping & Layout,Procurement & Fabrication,20767.49,17753.77,21830.17,85.5,39,46
DEL-11235,Mechanical Equipment,Engineering & Design,1734.94,151.59,167.15,8.7,86,96
DEL-11236,Civil & Structural,Procurement & Fabrication,1116.09,615.72,777.13,55.2,93,76
DEL-11237,Instrumentation & Control,Construction & Erection,4447.47,1096.41,1202.37,24.7,57,74
DEL-11238,Civil & Structural,Construction & Erection,4976.88,2747.4,2767.02,55.2,108,142
DEL-11239,Instrumentation & Control,Construction & Erection,5854.28,4842.78,5031.69,82.7,54,54
DEL-11240,Piping & Layout,Construction & Erection,3439.03,3054.92,3166.19,88.8,110,99
DEL-11241,Instrumentation & Control,Pre-Commissioning,4185.95,3338.31,3211.76,79.8,113,137
DEL-11242,Electrical,Construction & Erection,6594.61,3762.74,4834.3,57.1,99,69
DEL-11243,Electrical,Construction & Erection,11297.59,7669.85,8317.53,67.9,109,124
DEL-11244,Electrical,Engineering & Design,1028.61,724.32,763.59,70.4,114,155
DEL-11245,Electrical,Engineering & Design,3658.65,3013.56,3309.62,82.4,105,103
DEL-11246,Mechanical Equipment,Engineering & Design,5831.6,2870.38,4268.19,49.2,58,64
DEL-11247,Piping & Layout,Construction & Erection,2358.12,1416.16,1232.4,60.1,86,93
DEL-11248,Piping & Layout,Procurement & Fabrication,19632.38,6568.08,5998.26,33.5,73,93
DEL-11249,Instrumentation & Control,Procurement & Fabrication,2956.24,1689.41,1407.14,57.1,37,40
DEL-11250,Mechanical Equipment,Construction & Erection,4755.07,4228.19,4249.79,88.9,76,75
DEL-11251,Electrical,Construction & Erection,7668.05,4487.99,4832.79,58.5,37,28
DEL-11252,Civil & Structural,Pre-Commissioning,3062.46,1316.24,1277.02,43.0,72,78
DEL-11253,Piping & Layout,Procurement & Fabrication,1121.86,346.99,332.78,30.9,69,72
DEL-11254,Piping & Layout,Construction & Erection,3487.97,1078.36,1144.53,30.9,47,31
DEL-11255,Mechanical Equipment,Engineering & Design,11198.69,1727.76,1666.74,15.4,91,78
DEL-11256,Civil & Structural,Engineering & Design,3753.65,164.36,178.58,4.4,77,72
DEL-11257,Piping & Layout,Engineering & Design,2497.02,1268.23,1530.92,50.8,117,110
DEL-11258,Civil & Structural,Procurement & Fabrication,10306.58,2767.46,3159.2,26.9,74,78
DEL-11259,Piping & Layout,Procurement & Fabrication,3772.07,1372.89,1609.23,36.4,113,117
DEL-11260,Mechanical Equipment,Construction & Erection,3267.8,2485.21,2989.42,76.1,75,79
DEL-11261,Piping & Layout,Engineering & Design,5538.98,2634.61,2851.76,47.6,94,142
DEL-11262,Electrical,Construction & Erection,9105.19,5334.05,5420.48,58.6,90,87
DEL-11263,Piping & Layout,Procurement & Fabrication,33036.58,5738.08,5302.91,17.4,75,66
DEL-11264,Civil & Structural,Engineering & Design,9526.08,9086.73,8917.02,95.4,109,150
DEL-11265,Piping & Layout,Procurement & Fabrication,12430.05,9489.96,9124.1,76.3,83,112
DEL-11266,Piping & Layout,Engineering & Design,3278.78,1161.18,1335.07,35.4,118,100
DEL-11267,Civil & Structural,Construction & Erection,2163.12,1069.1,1167.47,49.4,103,134
DEL-11268,Civil & Structural,Procurement & Fabrication,5166.06,3944.6,4514.64,76.4,35,24
DEL-11269,Mechanical Equipment,Engineering & Design,5354.73,2672.31,2314.08,49.9,17,28
DEL-11270,Piping & Layout,Engineering & Design,2073.91,624.18,783.19,30.1,62,88
DEL-11271,Mechanical Equipment,Procurement & Fabrication,4271.69,3360.22,3279.42,78.7,24,28
DEL-11272,Instrumentation & Control,Pre-Commissioning,6764.57,5916.92,5177.29,87.5,101,124
DEL-11273,Electrical,Procurement & Fabrication,6557.17,4183.7,4075.42,63.8,95,109
DEL-11274,Piping & Layout,Construction & Erection,7357.17,6831.93,9650.55,92.9,56,52
DEL-11275,Civil & Structural,Construction & Erection,6202.9,5010.33,4919.36,80.8,113,147
DEL-11276,Piping & Layout,Pre-Commissioning,3276.05,2736.76,2712.78,83.5,103,137
DEL-11277,Piping & Layout,Construction & Erection,3258.03,2143.91,2167.88,65.8,80,73
DEL-11278,Instrumentation & Control,Construction & Erection,1883.41,155.83,158.59,8.3,105,111
DEL-11279,Piping & Layout,Construction & Erection,20492.62,17836.92,16459.53,87.0,60,49
DEL-11280,Civil & Structural,Construction & Erection,4967.94,2774.44,2945.02,55.8,23,24
DEL-11281,Mechanical Equipment,Procurement & Fabrication,4105.64,2280.56,2739.72,55.5,63,63
DEL-11282,Electrical,Procurement & Fabrication,2337.8,1367.75,1486.94,58.5,18,24
DEL-11283,Mechanical Equipment,Engineering & Design,51458.26,28288.29,24704.88,55.0,74,102
DEL-11284,Piping & Layout,Construction & Erection,2082.53,1799.05,1778.09,86.4,104,88
DEL-11285,Piping & Layout,Construction & Erection,3487.43,1252.27,1198.76,35.9,110,134
DEL-11286,Civil & Structural,Engineering & Design,6854.56,3865.21,4050.51,56.4,43,53
DEL-11287,Piping & Layout,Construction & Erection,7943.99,7748.92,9605.31,97.5,100,71
DEL-11288,Civil & Structural,Procurement & Fabrication,10576.03,1178.02,1198.84,11.1,61,76
DEL-11289,Piping & Layout,Engineering & Design,20870.39,11249.02,11550.23,53.9,91,70
DEL-11290,Piping & Layout,Pre-Commissioning,7368.18,4073.69,5322.87,55.3,101,97
DEL-11291,Civil & Structural,Engineering & Design,2111.55,1112.91,1303.7,52.7,77,68
DEL-11292,Piping & Layout,Engineering & Design,4001.58,3268.55,3680.75,81.7,45,34
DEL-11293,Mechanical Equipment,Construction & Erection,6287.17,2885.07,3847.87,45.9,65,83
DEL-11294,Mechanical Equipment,Construction & Erection,25708.6,10116.87,11264.85,39.4,55,48
DEL-11295,Electrical,Engineering & Design,1606.41,1533.54,1137.92,95.5,50,49
DEL-11296,Piping & Layout,Construction & Erection,12862.37,8754.39,10197.99,68.1,54,57
DEL-11297,Piping & Layout,Procurement & Fabrication,5675.6,379.3,303.89,6.7,109,132
DEL-11298,Piping & Layout,Engineering & Design,9607.16,5945.04,6585.92,61.9,74,64
DEL-11299,Mechanical Equipment,Engineering & Design,4529.67,3646.76,2855.19,80.5,29,34
DEL-11300,Electrical,Construction & Erection,2505.02,2001.19,1941.1,79.9,92,93
DEL-11301,Piping & Layout,Engineering & Design,8961.55,6272.01,6180.64,70.0,113,97
DEL-11302,Instrumentation & Control,Pre-Commissioning,8296.13,2571.3,2377.12,31.0,102,129
DEL-11303,Piping & Layout,Construction & Erection,10696.22,7600.74,7507.04,71.1,44,65
DEL-11304,Civil & Structural,Pre-Commissioning,4862.73,1915.25,2288.51,39.4,44,48
DEL-11305,Electrical,Engineering & Design,3041.61,714.39,666.46,23.5,41,38
DEL-11306,Instrumentation & Control,Pre-Commissioning,1412.29,446.31,500.66,31.6,54,49
DEL-11307,Electrical,Procurement & Fabrication,9466.35,7756.34,6943.11,81.9,92,112
DEL-11308,Electrical,Procurement & Fabrication,6898.86,3188.84,3225.75,46.2,59,63
DEL-11309,Piping & Layout,Engineering & Design,2269.63,659.92,718.37,29.1,89,75
DEL-11310,Electrical,Engineering & Design,3194.36,2673.94,2381.2,83.7,61,44
DEL-11311,Piping & Layout,Construction & Erection,3383.25,2336.34,1970.1,69.1,104,118
DEL-11312,Instrumentation & Control,Procurement & Fabrication,1500.59,609.15,678.46,40.6,70,56
DEL-11313,Civil & Structural,Engineering & Design,2555.12,529.93,640.41,20.7,68,67
DEL-11314,Electrical,Construction & Erection,1984.13,996.4,1024.44,50.2,99,137
DEL-11315,Civil & Structural,Engineering & Design,3533.4,2274.44,2209.4,64.4,23,21
DEL-11316,Mechanical Equipment,Construction & Erection,2721.78,1633.55,1737.04,60.0,79,100
DEL-11317,Civil & Structural,Procurement & Fabrication,1337.28,1154.33,1210.11,86.3,84,72
DEL-11318,Electrical,Construction & Erection,24786.94,22294.52,23998.61,89.9,15,19
DEL-11319,Piping & Layout,Construction & Erection,13386.91,10905.5,7633.85,81.5,100,118
DEL-11320,Piping & Layout,Procurement & Fabrication,2635.38,2410.72,2120.55,91.5,27,31
DEL-11321,Piping & Layout,Procurement & Fabrication,6111.56,2789.49,2547.4,45.6,52,49
DEL-11322,Piping & Layout,Procurement & Fabrication,6863.5,3085.4,3278.64,45.0,59,70
DEL-11323,Instrumentation & Control,Construction & Erection,12744.67,9003.94,9615.15,70.6,119,135
DEL-11324,Piping & Layout,Procurement & Fabrication,2553.23,1263.54,1434.66,49.5,54,78
DEL-11325,Instrumentation & Control,Engineering & Design,11774.43,5654.05,6098.66,48.0,109,102
DEL-11326,Piping & Layout,Engineering & Design,3170.6,2716.63,2295.25,85.7,29,38
DEL-11327,Piping & Layout,Procurement & Fabrication,1688.02,1625.59,2043.45,96.3,64,56
DEL-11328,Electrical,Procurement & Fabrication,8771.9,5503.65,6773.83,62.7,16,16
DEL-11329,Mechanical Equipment,Construction & Erection,13802.52,8906.92,7582.2,64.5,67,62
DEL-11330,Civil & Structural,Engineering & Design,38961.42,18239.84,19879.71,46.8,109,105
DEL-11331,Mechanical Equipment,Procurement & Fabrication,1882.24,1294.98,1231.12,68.8,40,41
DEL-11332,Electrical,Construction & Erection,8596.72,3685.28,3909.46,42.9,80,108
DEL-11333,Piping & Layout,Construction & Erection,3540.98,2321.08,2780.65,65.5,89,102
DEL-11334,Instrumentation & Control,Procurement & Fabrication,9197.5,7095.89,9646.97,77.2,47,61
DEL-11335,Instrumentation & Control,Procurement & Fabrication,1515.66,793.98,915.21,52.4,96,102
DEL-11336,Mechanical Equipment,Procurement & Fabrication,1789.67,1611.53,1747.28,90.0,99,130
DEL-11337,Piping & Layout,Pre-Commissioning,2642.02,1626.21,1608.36,61.6,73,81
DEL-11338,Mechanical Equipment,Engineering & Design,5235.26,1563.11,1668.33,29.9,109,98
DEL-11339,Piping & Layout,Pre-Commissioning,2942.85,1665.14,2071.38,56.6,40,51
DEL-11340,Piping & Layout,Construction & Erection,8326.87,5223.29,5397.19,62.7,108,147
DEL-11341,Piping & Layout,Procurement & Fabrication,11175.91,7501.97,6804.91,67.1,117,139
DEL-11342,Civil & Structural,Engineering & Design,7939.95,7291.21,5811.44,91.8,35,43
DEL-11343,Instrumentation & Control,Procurement & Fabrication,17944.34,5176.14,5781.52,28.8,63,83
DEL-11344,Electrical,Procurement & Fabrication,6854.5,4226.25,4552.07,61.7,94,95
DEL-11345,Electrical,Engineering & Design,1856.56,1465.43,1382.07,78.9,85,78
DEL-11346,Civil & Structural,Construction & Erection,14628.12,10324.99,12327.03,70.6,100,113
DEL-11347,Piping & Layout,Pre-Commissioning,3028.66,1216.85,1188.54,40.2,85,119
DEL-11348,Civil & Structural,Construction & Erection,10181.57,4787.63,4882.44,47.0,80,90
DEL-11349,Instrumentation & Control,Construction & Erection,17309.1,16425.03,17040.98,94.9,51,60
DEL-11350,Piping & Layout,Engineering & Design,7082.27,4017.72,3966.93,56.7,28,30
DEL-11351,Instrumentation & Control,Procurement & Fabrication,1484.86,695.84,748.29,46.9,86,96
DEL-11352,Mechanical Equipment,Engineering & Design,2357.67,1521.98,1845.75,64.6,107,102
DEL-11353,Civil & Structural,Construction & Erection,14160.27,9040.75,7853.05,63.8,21,25
DEL-11354,Electrical,Pre-Commissioning,4292.83,534.6,595.16,12.5,52,64
DEL-11355,Civil & Structural,Construction & Erection,5237.81,2760.07,2941.74,52.7,59,45
DEL-11356,Instrumentation & Control,Engineering & Design,9018.74,1137.13,1208.85,12.6,36,27
DEL-11357,Instrumentation & Control,Procurement & Fabrication,8578.88,1995.27,2336.02,23.3,58,41
DEL-11358,Civil & Structural,Construction & Erection,6142.82,2843.35,2978.1,46.3,95,129
DEL-11359,Piping & Layout,Procurement & Fabrication,4159.15,3386.21,3765.58,81.4,94,82
DEL-11360,Mechanical Equipment,Construction & Erection,3827.11,2211.39,2537.31,57.8,111,125
DEL-11361,Instrumentation & Control,Construction & Erection,9762.65,3559.65,3432.73,36.5,117,166
DEL-11362,Piping & Layout,Construction & Erection,7653.02,6290.84,6824.79,82.2,49,55
DEL-11363,Mechanical Equipment,Procurement & Fabrication,4000.44,1364.42,1367.67,34.1,116,135
DEL-11364,Mechanical Equipment,Engineering & Design,11680.66,7864.93,8023.0,67.3,74,66
DEL-11365,Electrical,Engineering & Design,4432.74,1682.11,1668.13,37.9,110,124
DEL-11366,Piping & Layout,Procurement & Fabrication,2486.6,1598.25,1775.11,64.3,17,15
DEL-11367,Electrical,Procurement & Fabrication,2677.99,2401.04,2526.48,89.7,81,55
DEL-11368,Instrumentation & Control,Construction & Erection,2246.23,1374.07,1510.35,61.2,86,92
DEL-11369,Piping & Layout,Construction & Erection,3952.38,1547.53,1605.37,39.2,109,123
DEL-11370,Piping & Layout,Engineering & Design,13186.9,6694.76,5351.67,50.8,69,66
DEL-11371,Instrumentation & Control,Procurement & Fabrication,2580.98,1465.25,1530.76,56.8,23,21
DEL-11372,Piping & Layout,Engineering & Design,5714.61,3163.39,3320.08,55.4,83,84
DEL-11373,Instrumentation & Control,Engineering & Design,2906.34,527.33,567.61,18.1,42,38
DEL-11374,Civil & Structural,Construction & Erection,3990.82,1270.26,1207.94,31.8,29,35
DEL-11375,Piping & Layout,Engineering & Design,1468.46,1259.44,1083.98,85.8,105,121
DEL-11376,Instrumentation & Control,Procurement & Fabrication,4119.84,3001.47,3402.74,72.9,45,62
DEL-11377,Civil & Structural,Engineering & Design,4209.23,446.24,445.78,10.6,73,72
DEL-11378,Civil & Structural,Construction & Erection,7572.14,2567.27,2735.9,33.9,118,127
DEL-11379,Civil & Structural,Construction & Erection,5875.96,3970.31,3961.5,67.6,96,105
DEL-11380,Mechanical Equipment,Engineering & Design,1884.25,576.45,598.98,30.6,116,114
DEL-11381,Piping & Layout,Procurement & Fabrication,11700.17,7976.6,7758.1,68.2,68,45
DEL-11382,Civil & Structural,Construction & Erection,5815.27,3990.34,3570.5,68.6,82,94
DEL-11383,Instrumentation & Control,Pre-Commissioning,5760.13,361.05,401.15,6.3,99,151
DEL-11384,Piping & Layout,Engineering & Design,4878.8,2391.9,2271.18,49.0,61,77
DEL-11385,Mechanical Equipment,Construction & Erection,3248.0,838.19,892.34,25.8,56,81
DEL-11386,Piping & Layout,Pre-Commissioning,5850.26,1784.84,1966.13,30.5,37,46
DEL-11387,Electrical,Pre-Commissioning,7190.17,7119.37,6777.48,99.0,100,103
DEL-11388,Piping & Layout,Construction & Erection,1214.98,458.7,394.22,37.8,79,93
DEL-11389,Instrumentation & Control,Construction & Erection,3193.88,760.82,1068.13,23.8,103,131
DEL-11390,Civil & Structural,Procurement & Fabrication,4007.98,2746.8,2639.22,68.5,68,50
DEL-11391,Piping & Layout,Construction & Erection,6032.62,4958.5,5620.53,82.2,119,137
DEL-11392,Piping & Layout,Procurement & Fabrication,12767.38,3184.41,4238.2,24.9,106,110
DEL-11393,Piping & Layout,Construction & Erection,2650.78,1117.9,1295.07,42.2,115,156
DEL-11394,Civil & Structural,Procurement & Fabrication,3299.84,2171.01,2160.01,65.8,25,28
DEL-11395,Piping & Layout,Construction & Erection,3261.6,2777.14,2860.27,85.1,77,44
DEL-11396,Electrical,Construction & Erection,2588.36,1833.3,1677.67,70.8,36,41
DEL-11397,Civil & Structural,Engineering & Design,3722.87,1581.4,1853.8,42.5,68,44
DEL-11398,Piping & Layout,Construction & Erection,9105.57,1682.59,1892.81,18.5,103,135
DEL-11399,Mechanical Equipment,Procurement & Fabrication,2115.26,835.05,804.02,39.5,99,90
DEL-11400,Electrical,Construction & Erection,6920.56,3437.49,3037.62,49.7,50,42
DEL-11401,Piping & Layout,Procurement & Fabrication,1259.51,900.63,758.16,71.5,72,65
DEL-11402,Piping & Layout,Procurement & Fabrication,3136.71,2398.25,2849.06,76.5,34,30
DEL-11403,Piping & Layout,Pre-Commissioning,3775.95,2937.0,3107.51,77.8,30,31
DEL-11404,Electrical,Engineering & Design,18767.61,10946.3,11737.14,58.3,106,94
DEL-11405,Mechanical Equipment,Construction & Erection,3944.82,992.48,909.66,25.2,70,70
DEL-11406,Civil & Structural,Procurement & Fabrication,844.72,665.99,546.43,78.8,107,80
DEL-11407,Electrical,Procurement & Fabrication,993.16,358.94,425.13,36.1,64,65
DEL-11408,Electrical,Procurement & Fabrication,5050.4,2911.24,3046.05,57.6,104,140
DEL-11409,Mechanical Equipment,Construction & Erection,8030.62,7127.89,8383.0,88.8,118,114
DEL-11410,Instrumentation & Control,Procurement & Fabrication,6636.66,6247.14,6135.38,94.1,80,95
DEL-11411,Piping & Layout,Engineering & Design,5619.83,5226.58,5249.98,93.0,88,71
DEL-11412,Piping & Layout,Engineering & Design,12454.13,4318.51,4953.31,34.7,27,32
DEL-11413,Piping & Layout,Engineering & Design,3191.76,1190.55,1368.96,37.3,29,37
DEL-11414,Piping & Layout,Pre-Commissioning,10056.04,9690.8,11237.79,96.4,87,117
DEL-11415,Civil & Structural,Pre-Commissioning,1331.94,804.08,800.64,60.4,41,45
DEL-11416,Instrumentation & Control,Procurement & Fabrication,2382.82,1845.64,2089.6,77.5,22,26
DEL-11417,Piping & Layout,Construction & Erection,1157.9,115.31,139.11,10.0,84,68
DEL-11418,Piping & Layout,Procurement & Fabrication,3944.68,3296.73,3376.79,83.6,114,112
DEL-11419,Civil & Structural,Construction & Erection,4736.2,2278.67,2194.3,48.1,64,58
DEL-11420,Instrumentation & Control,Construction & Erection,5384.51,4129.62,5126.56,76.7,102,115
DEL-11421,Piping & Layout,Pre-Commissioning,5164.21,2849.71,2683.95,55.2,81,77
DEL-11422,Civil & Structural,Procurement & Fabrication,2340.12,1167.81,1324.79,49.9,40,48
DEL-11423,Piping & Layout,Construction & Erection,4220.92,3031.49,3126.19,71.8,50,78
DEL-11424,Piping & Layout,Engineering & Design,1483.33,835.8,638.36,56.3,35,41
DEL-11425,Instrumentation & Control,Pre-Commissioning,14626.4,8396.96,10154.35,57.4,91,122
DEL-11426,Instrumentation & Control,Engineering & Design,3854.9,1422.94,996.06,36.9,66,54
DEL-11427,Piping & Layout,Construction & Erection,3323.89,1105.84,820.96,33.3,25,26
DEL-11428,Instrumentation & Control,Construction & Erection,17520.94,10362.83,11597.04,59.1,22,24
DEL-11429,Mechanical Equipment,Construction & Erection,1819.29,766.53,857.8,42.1,71,76
DEL-11430,Instrumentation & Control,Engineering & Design,1997.26,1018.59,961.91,51.0,60,86
DEL-11431,Civil & Structural,Pre-Commissioning,2044.74,1055.47,1121.09,51.6,92,84
DEL-11432,Civil & Structural,Engineering & Design,4655.03,4196.68,2937.67,90.2,111,125
DEL-11433,Civil & Structural,Construction & Erection,6941.72,2549.56,2921.91,36.7,16,9
DEL-11434,Mechanical Equipment,Engineering & Design,8881.63,4607.25,4964.12,51.9,78,89
DEL-11435,Piping & Layout,Procurement & Fabrication,38468.55,29588.58,30569.54,76.9,66,77
DEL-11436,Piping & Layout,Procurement & Fabrication,812.77,327.09,341.2,40.2,79,83
DEL-11437,Piping & Layout,Procurement & Fabrication,7998.33,6875.44,7659.16,86.0,25,28
DEL-11438,Electrical,Engineering & Design,3147.29,1509.16,1562.99,48.0,20,19
DEL-11439,Piping & Layout,Engineering & Design,3074.41,2341.14,1776.67,76.1,110,90
DEL-11440,Mechanical Equipment,Procurement & Fabrication,2993.45,2146.41,2939.41,71.7,93,80
DEL-11441,Instrumentation & Control,Construction & Erection,2375.55,1894.86,2311.95,79.8,90,80
DEL-11442,Piping & Layout,Construction & Erection,18913.29,17105.68,14492.93,90.4,78,63
DEL-11443,Mechanical Equipment,Engineering & Design,9641.56,1549.18,1530.94,16.1,115,91
DEL-11444,Civil & Structural,Procurement & Fabrication,5006.82,3513.63,3529.78,70.2,107,96
DEL-11445,Instrumentation & Control,Engineering & Design,14484.18,11580.39,13917.64,80.0,69,68
DEL-11446,Piping & Layout,Engineering & Design,1465.54,1349.36,966.29,92.1,58,63
DEL-11447,Mechanical Equipment,Construction & Erection,1695.0,141.96,137.02,8.4,100,82
DEL-11448,Electrical,Construction & Erection,860.6,311.53,241.72,36.2,28,24
DEL-11449,Instrumentation & Control,Engineering & Design,2808.68,1773.74,1768.83,63.2,97,91
DEL-11450,Mechanical Equipment,Engineering & Design,5593.49,4157.81,4029.44,74.3,19,22
DEL-11451,Civil & Structural,Engineering & Design,5336.29,4240.93,4461.26,79.5,113,93
DEL-11452,Mechanical Equipment,Construction & Erection,5538.47,1580.16,1499.99,28.5,39,37
DEL-11453,Instrumentation & Control,Pre-Commissioning,1589.47,1484.87,1376.99,93.4,64,80
DEL-11454,Mechanical Equipment,Engineering & Design,9344.32,4521.52,5122.65,48.4,116,105
DEL-11455,Piping & Layout,Engineering & Design,5953.31,1865.28,2067.1,31.3,87,71
DEL-11456,Instrumentation & Control,Construction & Erection,8834.71,8402.54,9433.61,95.1,85,89
DEL-11457,Mechanical Equipment,Pre-Commissioning,1081.16,936.94,949.56,86.7,96,86
DEL-11458,Mechanical Equipment,Procurement & Fabrication,6305.6,4240.36,4046.32,67.2,16,8
DEL-11459,Piping & Layout,Engineering & Design,1900.34,678.23,693.27,35.7,24,26
DEL-11460,Mechanical Equipment,Engineering & Design,3576.51,801.41,893.72,22.4,16,20
DEL-11461,Civil & Structural,Construction & Erection,7536.34,5885.24,4199.02,78.1,74,78
DEL-11462,Mechanical Equipment,Procurement & Fabrication,5286.31,3948.12,4339.45,74.7,59,75
DEL-11463,Piping & Layout,Engineering & Design,2486.84,1647.55,1789.85,66.3,22,26
DEL-11464,Mechanical Equipment,Construction & Erection,4939.5,4048.02,4247.68,82.0,72,64
DEL-11465,Instrumentation & Control,Engineering & Design,1443.42,723.5,736.23,50.1,21,31
DEL-11466,Piping & Layout,Construction & Erection,12335.22,3934.5,2754.15,31.9,113,127
DEL-11467,Instrumentation & Control,Procurement & Fabrication,4170.42,4089.3,3983.06,98.1,101,116
DEL-11468,Civil & Structural,Engineering & Design,12026.16,5300.47,6935.22,44.1,86,74
DEL-11469,Instrumentation & Control,Construction & Erection,3225.28,2375.17,2474.78,73.6,35,26
DEL-11470,Electrical,Procurement & Fabrication,3232.91,2349.67,2335.35,72.7,111,94
DEL-11471,Mechanical Equipment,Pre-Commissioning,2666.84,1770.28,1845.58,66.4,61,76
DEL-11472,Electrical,Procurement & Fabrication,9906.43,7754.36,8477.19,78.3,15,21
DEL-11473,Instrumentation & Control,Engineering & Design,2786.26,1481.77,1687.48,53.2,26,29
DEL-11474,Civil & Structural,Construction & Erection,8231.11,3511.01,3530.92,42.7,89,96
DEL-11475,Piping & Layout,Engineering & Design,3619.31,1095.9,1209.58,30.3,62,78
DEL-11476,Mechanical Equipment,Pre-Commissioning,1011.54,445.85,575.82,44.1,108,144
DEL-11477,Electrical,Procurement & Fabrication,3114.27,1334.29,1589.05,42.8,18,14
DEL-11478,Electrical,Procurement & Fabrication,1913.55,1008.06,1402.25,52.7,48,67
DEL-11479,Electrical,Engineering & Design,5049.89,4987.58,4695.73,98.8,101,99
DEL-11480,Civil & Structural,Procurement & Fabrication,1896.33,1098.64,1418.81,57.9,46,59
DEL-11481,Electrical,Construction & Erection,10309.08,3022.01,2784.47,29.3,17,14
DEL-11482,Piping & Layout,Construction & Erection,4569.41,1423.47,1555.91,31.2,106,134
DEL-11483,Civil & Structural,Engineering & Design,4263.83,646.95,743.91,15.2,82,63
DEL-11484,Piping & Layout,Engineering & Design,8305.84,4374.31,4214.14,52.7,71,91
DEL-11485,Piping & Layout,Construction & Erection,10626.71,5210.21,5487.37,49.0,90,107
DEL-11486,Civil & Structural,Pre-Commissioning,4836.38,4608.49,5422.21,95.3,38,28
DEL-11487,Civil & Structural,Engineering & Design,2651.92,1173.1,1095.04,44.2,47,62
DEL-11488,Mechanical Equipment,Procurement & Fabrication,1188.95,936.15,1208.02,78.7,17,15
DEL-11489,Civil & Structural,Procurement & Fabrication,2838.87,1606.79,1337.35,56.6,18,23
DEL-11490,Civil & Structural,Construction & Erection,2999.59,2346.74,3123.4,78.2,44,48
DEL-11491,Piping & Layout,Engineering & Design,5354.25,4821.78,5738.87,90.1,84,68
DEL-11492,Civil & Structural,Engineering & Design,3728.95,619.48,635.92,16.6,63,54
DEL-11493,Piping & Layout,Construction & Erection,8521.49,159.72,156.46,1.9,44,81
DEL-11494,Piping & Layout,Engineering & Design,3009.75,2703.51,2606.04,89.8,86,131
DEL-11495,Mechanical Equipment,Procurement & Fabrication,4695.53,3465.32,3533.35,73.8,96,98
DEL-11496,Mechanical Equipment,Procurement & Fabrication,12672.5,2399.82,2478.35,18.9,30,34
DEL-11497,Mechanical Equipment,Procurement & Fabrication,6460.49,5149.12,6324.58,79.7,67,87
DEL-11498,Civil & Structural,Procurement & Fabrication,4684.29,749.78,1001.18,16.0,20,16
DEL-11499,Civil & Structural,Procurement & Fabrication,3036.45,1960.85,2097.93,64.6,38,46
DEL-11500,Instrumentation & Control,Engineering & Design,2961.39,1868.2,1705.96,63.1,106,133
DEL-11501,Civil & Structural,Construction & Erection,2488.68,1871.55,1793.21,75.2,110,125
DEL-11502,Civil & Structural,Construction & Erection,3188.14,2806.78,2841.97,88.0,103,138
DEL-11503,Piping & Layout,Construction & Erection,8995.98,3598.62,3186.51,40.0,42,46
DEL-11504,Piping & Layout,Engineering & Design,4115.39,3032.04,2617.14,73.7,35,45
DEL-11505,Civil & Structural,Engineering & Design,1669.34,1223.77,1657.68,73.3,22,24
DEL-11506,Civil & Structural,Engineering & Design,20222.18,15943.64,17305.1,78.8,50,38
DEL-11507,Mechanical Equipment,Procurement & Fabrication,6348.49,5223.68,4779.82,82.3,23,29
DEL-11508,Civil & Structural,Procurement & Fabrication,1594.71,1059.83,1232.05,66.5,54,71
DEL-11509,Mechanical Equipment,Construction & Erection,3451.35,703.69,607.46,20.4,99,102
DEL-11510,Electrical,Engineering & Design,5370.68,4349.41,3808.33,81.0,65,51
DEL-11511,Electrical,Engineering & Design,19219.37,16091.48,14796.82,83.7,15,19
DEL-11512,Electrical,Procurement & Fabrication,2025.37,1006.93,1297.11,49.7,77,86
DEL-11513,Instrumentation & Control,Construction & Erection,10730.36,4504.89,4514.21,42.0,82,92
DEL-11514,Piping & Layout,Engineering & Design,15056.86,13483.82,9438.67,89.6,88,97
DEL-11515,Piping & Layout,Construction & Erection,2972.26,2597.85,3173.3,87.4,40,50
DEL-11516,Piping & Layout,Engineering & Design,3936.27,3266.34,3246.88,83.0,54,60
DEL-11517,Mechanical Equipment,Construction & Erection,2145.12,1629.15,1242.37,75.9,17,16
DEL-11518,Instrumentation & Control,Construction & Erection,4176.51,2437.32,2419.03,58.4,23,17
DEL-11519,Piping & Layout,Engineering & Design,4772.99,3269.11,3655.36,68.5,46,45
DEL-11520,Instrumentation & Control,Engineering & Design,8330.84,7655.84,8426.08,91.9,81,101
DEL-11521,Piping & Layout,Procurement & Fabrication,11756.33,6182.08,8097.05,52.6,18,18
DEL-11522,Instrumentation & Control,Engineering & Design,2701.39,1778.95,1622.55,65.9,20,25
DEL-11523,Civil & Structural,Construction & Erection,1018.55,532.13,557.15,52.2,87,68
DEL-11524,Piping & Layout,Construction & Erection,4831.94,2303.96,2154.35,47.7,40,34
DEL-11525,Civil & Structural,Construction & Erection,6215.68,4928.98,3985.93,79.3,16,14
DEL-11526,Piping & Layout,Construction & Erection,6000.12,3192.08,3743.76,53.2,80,87
DEL-11527,Piping & Layout,Procurement & Fabrication,3784.47,3233.34,3587.37,85.4,99,140
DEL-11528,Piping & Layout,Engineering & Design,5430.58,3320.07,3594.15,61.1,100,151
DEL-11529,Electrical,Construction & Erection,16520.48,8701.37,9606.47,52.7,17,22
DEL-11530,Civil & Structural,Procurement & Fabrication,6670.08,5238.21,4909.14,78.5,49,33
DEL-11531,Piping & Layout,Construction & Erection,3645.71,1504.83,1338.01,41.3,73,66
DEL-11532,Mechanical Equipment,Engineering & Design,3293.95,2528.49,2643.91,76.8,52,24
DEL-11533,Electrical,Engineering & Design,4290.33,2440.85,2963.64,56.9,47,51
DEL-11534,Piping & Layout,Pre-Commissioning,18203.92,11344.68,14534.93,62.3,29,40
DEL-11535,Civil & Structural,Engineering & Design,4244.42,2782.21,3225.46,65.5,89,109
DEL-11536,Piping & Layout,Pre-Commissioning,4837.55,3207.32,3349.65,66.3,88,62
DEL-11537,Piping & Layout,Pre-Commissioning,3341.41,698.24,754.43,20.9,114,153
DEL-11538,Mechanical Equipment,Construction & Erection,11839.38,3671.99,3825.25,31.0,28,36
DEL-11539,Piping & Layout,Construction & Erection,23573.3,8654.72,7669.02,36.7,80,109
DEL-11540,Civil & Structural,Construction & Erection,7047.94,3353.87,3500.42,47.6,59,76
DEL-11541,Electrical,Construction & Erection,5251.23,4581.55,3847.48,87.2,62,59
DEL-11542,Piping & Layout,Engineering & Design,5061.54,4454.66,4549.94,88.0,58,40
DEL-11543,Mechanical Equipment,Procurement & Fabrication,729.64,666.66,856.93,91.4,51,66
DEL-11544,Piping & Layout,Construction & Erection,8920.62,8812.94,10253.23,98.8,43,52
DEL-11545,Instrumentation & Control,Procurement & Fabrication,5471.64,1312.51,1183.27,24.0,113,75
DEL-11546,Civil & Structural,Procurement & Fabrication,6923.48,4598.08,4732.05,66.4,98,85
DEL-11547,Electrical,Procurement & Fabrication,2781.74,2618.9,2395.89,94.1,99,86
DEL-11548,Mechanical Equipment,Construction & Erection,3613.51,803.06,827.65,22.2,48,58
DEL-11549,Piping & Layout,Construction & Erection,3537.52,3046.69,3644.35,86.1,73,77
DEL-11550,Mechanical Equipment,Engineering & Design,11128.88,10644.18,12112.56,95.6,57,57
DEL-11551,Instrumentation & Control,Pre-Commissioning,3630.02,3400.38,4803.45,93.7,47,46
DEL-11552,Mechanical Equipment,Construction & Erection,26007.19,22422.55,27330.21,86.2,33,28
DEL-11553,Electrical,Construction & Erection,6937.45,3110.14,3329.71,44.8,22,28
DEL-11554,Instrumentation & Control,Construction & Erection,1771.27,426.93,487.38,24.1,45,41
DEL-11555,Piping & Layout,Construction & Erection,4434.47,2667.04,2692.73,60.1,25,32
DEL-11556,Piping & Layout,Engineering & Design,2918.02,2167.58,1887.69,74.3,22,17
DEL-11557,Mechanical Equipment,Construction & Erection,849.37,364.84,450.9,43.0,39,38
DEL-11558,Civil & Structural,Engineering & Design,17669.17,3118.85,3715.64,17.7,34,49
DEL-11559,Electrical,Construction & Erection,8625.81,6686.21,6711.9,77.5,52,58
DEL-11560,Instrumentation & Control,Pre-Commissioning,7529.36,3100.85,3352.3,41.2,21,20
DEL-11561,Civil & Structural,Engineering & Design,5610.09,2049.5,2512.97,36.5,91,85
DEL-11562,Piping & Layout,Engineering & Design,1626.83,1484.38,1732.2,91.2,53,47
DEL-11563,Electrical,Construction & Erection,3337.93,2372.9,1947.05,71.1,88,101
DEL-11564,Piping & Layout,Engineering & Design,9637.57,7705.91,8295.74,80.0,86,107
DEL-11565,Electrical,Construction & Erection,2119.69,974.66,989.14,46.0,34,38
DEL-11566,Civil & Structural,Engineering & Design,648.45,580.13,700.19,89.5,95,100
DEL-11567,Mechanical Equipment,Engineering & Design,4098.25,367.82,439.42,9.0,25,30
DEL-11568,Piping & Layout,Pre-Commissioning,4387.85,3159.95,3911.36,72.0,30,23
DEL-11569,Mechanical Equipment,Construction & Erection,5477.76,3959.39,3453.84,72.3,115,131
DEL-11570,Civil & Structural,Construction & Erection,8802.71,6117.78,5642.94,69.5,56,64
DEL-11571,Mechanical Equipment,Procurement & Fabrication,8185.21,7655.92,9241.56,93.5,110,122
DEL-11572,Piping & Layout,Construction & Erection,6045.18,4137.44,3935.75,68.4,104,99
DEL-11573,Electrical,Construction & Erection,12790.08,9326.5,7571.11,72.9,66,60
DEL-11574,Instrumentation & Control,Construction & Erection,1458.0,1180.71,1322.26,81.0,51,41
DEL-11575,Piping & Layout,Construction & Erection,7358.9,3428.35,3284.08,46.6,66,89
DEL-11576,Piping & Layout,Construction & Erection,8113.06,6866.34,8984.39,84.6,23,24
DEL-11577,Piping & Layout,Procurement & Fabrication,1823.2,1165.49,1263.89,63.9,49,48
DEL-11578,Mechanical Equipment,Engineering & Design,1476.9,447.63,476.3,30.3,81,77
DEL-11579,Mechanical Equipment,Construction & Erection,2706.05,2334.14,2298.22,86.3,109,95
DEL-11580,Civil & Structural,Engineering & Design,2895.08,2796.8,3576.06,96.6,21,20
DEL-11581,Piping & Layout,Construction & Erection,8979.82,6557.81,7172.82,73.0,16,21
DEL-11582,Civil & Structural,Engineering & Design,3006.01,1294.81,1267.26,43.1,39,46
DEL-11583,Mechanical Equipment,Construction & Erection,2477.29,1819.09,1675.18,73.4,118,145
DEL-11584,Civil & Structural,Construction & Erection,3013.0,1645.52,1693.21,54.6,90,113
DEL-11585,Instrumentation & Control,Engineering & Design,12026.96,8174.63,7302.83,68.0,108,162
DEL-11586,Piping & Layout,Engineering & Design,4966.32,2651.22,3166.43,53.4,108,115
DEL-11587,Mechanical Equipment,Engineering & Design,4258.19,670.21,515.22,15.7,107,104
DEL-11588,Civil & Structural,Construction & Erection,4500.73,3041.28,3099.29,67.6,55,63
DEL-11589,Civil & Structural,Construction & Erection,13816.91,12595.64,14252.22,91.2,89,106
DEL-11590,Electrical,Engineering & Design,2699.07,653.33,712.99,24.2,66,70
DEL-11591,Mechanical Equipment,Construction & Erection,14078.54,10938.02,10198.69,77.7,101,89
DEL-11592,Instrumentation & Control,Procurement & Fabrication,5816.17,912.56,1039.44,15.7,95,104
DEL-11593,Piping & Layout,Procurement & Fabrication,4322.83,1111.01,1007.79,25.7,91,106
DEL-11594,Piping & Layout,Pre-Commissioning,36341.67,21444.91,22230.7,59.0,111,125
DEL-11595,Electrical,Procurement & Fabrication,2112.21,808.19,919.54,38.3,79,55
DEL-11596,Mechanical Equipment,Procurement & Fabrication,3703.57,3108.09,3448.23,83.9,118,88
DEL-11597,Piping & Layout,Engineering & Design,1833.63,1530.68,1436.92,83.5,91,110
DEL-11598,Piping & Layout,Engineering & Design,10529.85,5039.28,6146.03,47.9,52,51
DEL-11599,Piping & Layout,Engineering & Design,18983.99,17339.81,18258.89,91.3,81,122
DEL-11600,Instrumentation & Control,Engineering & Design,18693.63,12837.49,14781.72,68.7,94,125
DEL-11601,Piping & Layout,Construction & Erection,13084.18,3367.32,4274.36,25.7,56,45
DEL-11602,Piping & Layout,Procurement & Fabrication,4196.07,1217.49,1470.27,29.0,85,108
DEL-11603,Piping & Layout,Procurement & Fabrication,3669.49,3042.31,3675.17,82.9,68,94
DEL-11604,Civil & Structural,Engineering & Design,1290.86,730.0,780.3,56.6,81,79
DEL-11605,Piping & Layout,Engineering & Design,25051.75,15830.47,18348.94,63.2,92,96
DEL-11606,Civil & Structural,Construction & Erection,7152.25,2182.97,2340.23,30.5,78,74
DEL-11607,Piping & Layout,Pre-Commissioning,3315.73,2482.16,2131.18,74.9,94,79
DEL-11608,Electrical,Engineering & Design,14220.58,2305.58,2502.51,16.2,18,25
DEL-11609,Piping & Layout,Construction & Erection,2256.99,1313.88,1416.96,58.2,45,24
DEL-11610,Civil & Structural,Construction & Erection,6804.22,2689.17,3032.2,39.5,27,25
DEL-11611,Instrumentation & Control,Construction & Erection,4280.81,961.19,981.18,22.5,41,40
DEL-11612,Mechanical Equipment,Procurement & Fabrication,8192.23,6000.57,5555.22,73.2,73,80
DEL-11613,Civil & Structural,Engineering & Design,4671.06,3920.72,4463.64,83.9,79,64
DEL-11614,Piping & Layout,Engineering & Design,1539.57,1520.0,1281.37,98.7,78,104
DEL-11615,Piping & Layout,Construction & Erection,5221.09,1147.53,1444.54,22.0,39,27
DEL-11616,Mechanical Equipment,Procurement & Fabrication,11374.07,7032.06,7069.24,61.8,51,35
DEL-11617,Instrumentation & Control,Pre-Commissioning,4801.23,2208.84,2378.54,46.0,89,95
DEL-11618,Mechanical Equipment,Procurement & Fabrication,9137.04,6435.38,7231.98,70.4,87,70
DEL-11619,Mechanical Equipment,Engineering & Design,2129.36,1602.34,1808.41,75.2,85,94
DEL-11620,Electrical,Construction & Erection,4812.59,2670.7,2213.08,55.5,28,26
DEL-11621,Civil & Structural,Engineering & Design,2982.13,2852.7,3319.44,95.7,108,132
DEL-11622,Piping & Layout,Procurement & Fabrication,8933.69,7846.7,8517.38,87.8,38,33
DEL-11623,Mechanical Equipment,Construction & Erection,5040.16,4025.0,3802.46,79.9,81,109
DEL-11624,Instrumentation & Control,Pre-Commissioning,8536.1,5550.31,5148.19,65.0,62,74
DEL-11625,Piping & Layout,Construction & Erection,11733.09,2409.26,2384.91,20.5,117,106
DEL-11626,Mechanical Equipment,Construction & Erection,8546.65,2617.98,2212.69,30.6,105,124
DEL-11627,Piping & Layout,Construction & Erection,6114.97,1886.97,2449.93,30.9,79,86
DEL-11628,Civil & Structural,Pre-Commissioning,2211.51,1737.01,2193.71,78.5,52,63
DEL-11629,Piping & Layout,Engineering & Design,4903.83,4031.09,4465.46,82.2,104,123
DEL-11630,Civil & Structural,Engineering & Design,3208.4,1572.89,1583.1,49.0,84,95
DEL-11631,Electrical,Engineering & Design,3732.18,2136.74,2159.03,57.3,73,78
DEL-11632,Piping & Layout,Engineering & Design,3642.31,674.31,777.95,18.5,26,32
DEL-11633,Mechanical Equipment,Construction & Erection,2244.1,1260.02,1642.65,56.1,68,88
DEL-11634,Electrical,Construction & Erection,1026.72,686.53,655.25,66.9,65,71
DEL-11635,Instrumentation & Control,Construction & Erection,2879.83,1971.69,1720.03,68.5,52,61
DEL-11636,Piping & Layout,Engineering & Design,5737.07,4026.82,5122.7,70.2,60,75
DEL-11637,Civil & Structural,Construction & Erection,1671.47,1176.43,908.12,70.4,113,156
DEL-11638,Piping & Layout,Procurement & Fabrication,4976.82,2235.46,1986.7,44.9,24,32
DEL-11639,Instrumentation & Control,Construction & Erection,22476.26,15743.29,15790.07,70.0,23,29
DEL-11640,Instrumentation & Control,Construction & Erection,11141.65,3859.61,3110.6,34.6,101,99
DEL-11641,Civil & Structural,Procurement & Fabrication,18303.24,8945.93,10796.15,48.9,108,86
DEL-11642,Electrical,Engineering & Design,6720.4,3432.27,4010.73,51.1,66,77
DEL-11643,Civil & Structural,Engineering & Design,12506.55,6826.63,6511.11,54.6,65,76
DEL-11644,Mechanical Equipment,Construction & Erection,2754.05,1705.79,2101.44,61.9,36,35
DEL-11645,Piping & Layout,Pre-Commissioning,2935.19,2900.73,3647.36,98.8,87,69
DEL-11646,Electrical,Construction & Erection,549.32,252.66,258.48,46.0,97,135
DEL-11647,Piping & Layout,Engineering & Design,12694.4,2363.67,2298.43,18.6,86,98
DEL-11648,Electrical,Procurement & Fabrication,16852.58,4988.36,6878.65,29.6,82,67
DEL-11649,Electrical,Construction & Erection,3157.25,1372.81,1576.22,43.5,19,20
DEL-11650,Electrical,Construction & Erection,4011.17,2586.48,2789.38,64.5,97,77
DEL-11651,Piping & Layout,Engineering & Design,2688.96,1484.01,1846.9,55.2,96,115
DEL-11652,Piping & Layout,Engineering & Design,6674.99,2321.81,2519.84,34.8,43,61
DEL-11653,Piping & Layout,Construction & Erection,12087.73,11367.99,10960.53,94.0,97,99
DEL-11654,Civil & Structural,Procurement & Fabrication,1219.0,478.37,503.25,39.2,20,21
DEL-11655,Piping & Layout,Engineering & Design,6819.56,4689.09,5607.2,68.8,83,83
DEL-11656,Instrumentation & Control,Engineering & Design,3938.92,2652.89,1966.25,67.4,72,73
DEL-11657,Mechanical Equipment,Procurement & Fabrication,5381.46,3146.44,3136.35,58.5,57,52
DEL-11658,Piping & Layout,Construction & Erection,7095.35,3857.74,4812.37,54.4,83,111
DEL-11659,Civil & Structural,Pre-Commissioning,4227.8,2385.48,2297.74,56.4,86,95
DEL-11660,Civil & Structural,Construction & Erection,4523.9,3687.19,4689.79,81.5,105,113
DEL-11661,Mechanical Equipment,Procurement & Fabrication,4141.86,1974.36,2472.31,47.7,51,52
DEL-11662,Civil & Structural,Engineering & Design,10681.33,7610.48,7840.09,71.3,72,58
DEL-11663,Instrumentation & Control,Procurement & Fabrication,6870.61,3763.75,3593.33,54.8,116,145
DEL-11664,Civil & Structural,Procurement & Fabrication,5863.29,4436.43,4422.66,75.7,51,69
DEL-11665,Instrumentation & Control,Construction & Erection,1777.99,1624.38,2338.61,91.4,96,66
DEL-11666,Instrumentation & Control,Procurement & Fabrication,3630.54,820.9,1084.54,22.6,40,48
DEL-11667,Piping & Layout,Engineering & Design,10086.32,6977.07,7387.38,69.2,56,69
DEL-11668,Instrumentation & Control,Engineering & Design,5065.24,2915.61,2766.26,57.6,30,40
DEL-11669,Piping & Layout,Procurement & Fabrication,8330.05,7361.31,7785.0,88.4,36,47
DEL-11670,Electrical,Engineering & Design,20195.39,13759.77,14813.41,68.1,37,59
DEL-11671,Civil & Structural,Engineering & Design,11281.11,7015.91,5988.05,62.2,61,70
DEL-11672,Instrumentation & Control,Pre-Commissioning,5295.04,4735.81,4982.1,89.4,81,102
DEL-11673,Instrumentation & Control,Procurement & Fabrication,3265.63,1700.76,2106.16,52.1,17,18
DEL-11674,Electrical,Procurement & Fabrication,637.25,404.1,311.2,63.4,26,23
DEL-11675,Electrical,Construction & Erection,4295.37,2049.72,2385.85,47.7,37,44
DEL-11676,Piping & Layout,Pre-Commissioning,3786.47,3091.29,3852.43,81.6,25,31
DEL-11677,Piping & Layout,Construction & Erection,6716.3,1692.93,1618.3,25.2,66,74
DEL-11678,Civil & Structural,Construction & Erection,4345.41,3160.34,4089.88,72.7,64,47
DEL-11679,Piping & Layout,Procurement & Fabrication,3803.56,3318.93,3108.01,87.3,71,55
DEL-11680,Mechanical Equipment,Procurement & Fabrication,1183.8,740.25,818.84,62.5,78,95
DEL-11681,Piping & Layout,Procurement & Fabrication,2316.99,1601.89,1592.26,69.1,60,59
DEL-11682,Instrumentation & Control,Construction & Erection,7196.29,652.42,648.48,9.1,43,49
DEL-11683,Mechanical Equipment,Construction & Erection,19394.14,15640.3,14817.7,80.6,84,97
DEL-11684,Electrical,Procurement & Fabrication,4545.89,3531.57,4042.89,77.7,60,62
DEL-11685,Piping & Layout,Engineering & Design,6388.46,3717.86,4339.93,58.2,30,30
DEL-11686,Instrumentation & Control,Construction & Erection,10529.99,6293.94,6484.88,59.8,112,116
DEL-11687,Instrumentation & Control,Engineering & Design,2569.03,1758.85,1470.41,68.5,65,77
DEL-11688,Civil & Structural,Construction & Erection,6590.94,2658.0,2925.06,40.3,115,133
DEL-11689,Mechanical Equipment,Construction & Erection,2717.88,1017.79,1122.93,37.4,25,23
DEL-11690,Electrical,Construction & Erection,9816.89,7592.71,7649.6,77.3,25,26
DEL-11691,Piping & Layout,Construction & Erection,5547.61,2364.71,3121.62,42.6,77,65
DEL-11692,Civil & Structural,Construction & Erection,6240.16,4260.28,3431.27,68.3,67,78
DEL-11693,Civil & Structural,Procurement & Fabrication,2627.85,195.67,138.42,7.4,103,100
DEL-11694,Piping & Layout,Construction & Erection,8652.69,4711.22,4383.2,54.4,72,87
DEL-11695,Civil & Structural,Construction & Erection,26049.93,4587.82,5260.23,17.6,33,33
DEL-11696,Piping & Layout,Engineering & Design,2194.41,1536.03,1354.2,70.0,46,59
DEL-11697,Piping & Layout,Engineering & Design,3745.06,2512.02,2242.87,67.1,64,85
DEL-11698,Piping & Layout,Engineering & Design,5915.23,3085.5,3649.08,52.2,86,99
DEL-11699,Instrumentation & Control,Procurement & Fabrication,9219.95,2868.63,3182.41,31.1,69,68
DEL-11700,Civil & Structural,Construction & Erection,3141.21,2301.21,2523.41,73.3,90,79
DEL-11701,Instrumentation & Control,Construction & Erection,509.57,404.6,468.21,79.4,55,69
DEL-11702,Civil & Structural,Engineering & Design,14579.21,6841.74,6679.05,46.9,113,118
DEL-11703,Piping & Layout,Engineering & Design,9030.88,1525.41,1499.71,16.9,84,90
DEL-11704,Civil & Structural,Pre-Commissioning,1218.82,701.42,814.68,57.5,35,34
DEL-11705,Civil & Structural,Engineering & Design,3022.82,837.97,702.45,27.7,40,31
DEL-11706,Piping & Layout,Procurement & Fabrication,17232.39,15494.78,11134.43,89.9,15,19
DEL-11707,Mechanical Equipment,Construction & Erection,15650.17,13191.38,12861.69,84.3,95,99
DEL-11708,Piping & Layout,Procurement & Fabrication,10414.06,5467.52,6449.66,52.5,113,78
DEL-11709,Mechanical Equipment,Engineering & Design,4268.89,2806.81,3026.68,65.8,41,42
DEL-11710,Mechanical Equipment,Engineering & Design,5252.13,4986.54,5827.24,94.9,64,50
DEL-11711,Piping & Layout,Engineering & Design,4426.03,2875.96,2121.18,65.0,80,94
DEL-11712,Piping & Layout,Construction & Erection,12119.75,6607.49,7184.48,54.5,114,131
DEL-11713,Electrical,Procurement & Fabrication,2438.96,1230.11,1399.96,50.4,79,108
DEL-11714,Civil & Structural,Engineering & Design,2579.52,1994.1,1669.82,77.3,24,18
DEL-11715,Piping & Layout,Construction & Erection,11028.3,6312.88,7381.71,57.2,109,147
DEL-11716,Instrumentation & Control,Construction & Erection,4743.41,4321.08,4421.64,91.1,51,59
DEL-11717,Piping & Layout,Engineering & Design,14805.79,11869.68,17812.83,80.2,83,65
DEL-11718,Mechanical Equipment,Procurement & Fabrication,2872.08,926.11,660.7,32.2,55,78
DEL-11719,Instrumentation & Control,Construction & Erection,4704.04,2763.78,3441.92,58.8,60,62
DEL-11720,Piping & Layout,Engineering & Design,2349.76,1066.53,1046.14,45.4,91,75
DEL-11721,Piping & Layout,Procurement & Fabrication,4943.8,2238.44,1785.0,45.3,59,75
DEL-11722,Piping & Layout,Construction & Erection,1505.92,1346.94,1294.35,89.4,102,86
DEL-11723,Piping & Layout,Construction & Erection,3327.22,1393.89,1507.66,41.9,41,53
DEL-11724,Piping & Layout,Construction & Erection,1557.75,199.56,238.59,12.8,79,81
DEL-11725,Mechanical Equipment,Construction & Erection,8562.42,2928.57,3802.15,34.2,98,97
DEL-11726,Piping & Layout,Construction & Erection,8719.1,5651.46,7082.88,64.8,22,18
DEL-11727,Civil & Structural,Procurement & Fabrication,1231.26,262.37,234.87,21.3,81,69
DEL-11728,Instrumentation & Control,Construction & Erection,14287.05,3461.83,4187.17,24.2,63,69
DEL-11729,Electrical,Procurement & Fabrication,36240.48,25281.73,27776.85,69.8,110,81
DEL-11730,Mechanical Equipment,Engineering & Design,5099.03,3084.27,2904.79,60.5,103,123
DEL-11731,Piping & Layout,Construction & Erection,2942.78,1843.15,1858.29,62.6,103,98
DEL-11732,Mechanical Equipment,Construction & Erection,47073.45,7046.34,6577.93,15.0,28,27
DEL-11733,Civil & Structural,Procurement & Fabrication,1710.99,547.58,572.53,32.0,76,89
DEL-11734,Civil & Structural,Pre-Commissioning,4994.46,2428.78,2260.1,48.6,57,58
DEL-11735,Piping & Layout,Engineering & Design,5674.27,4418.59,3913.99,77.9,41,54
DEL-11736,Instrumentation & Control,Procurement & Fabrication,14416.35,7597.16,8447.04,52.7,110,71
DEL-11737,Civil & Structural,Engineering & Design,6553.74,908.98,1031.07,13.9,41,50
DEL-11738,Piping & Layout,Construction & Erection,3298.07,3128.14,3165.24,94.8,82,87
DEL-11739,Civil & Structural,Construction & Erection,2296.3,1750.56,2179.71,76.2,117,109
DEL-11740,Civil & Structural,Procurement & Fabrication,3738.88,2199.55,2201.61,58.8,89,111
DEL-11741,Electrical,Construction & Erection,2196.14,541.03,538.1,24.6,62,73
DEL-11742,Electrical,Procurement & Fabrication,5106.45,3046.75,3470.47,59.7,81,90
DEL-11743,Electrical,Construction & Erection,3129.55,2038.38,2079.43,65.1,39,39
DEL-11744,Piping & Layout,Procurement & Fabrication,1487.38,796.57,838.57,53.6,78,72
DEL-11745,Civil & Structural,Procurement & Fabrication,13414.84,7706.16,5394.32,57.4,38,32
DEL-11746,Civil & Structural,Pre-Commissioning,3300.61,249.7,260.31,7.6,23,31
DEL-11747,Piping & Layout,Engineering & Design,1782.0,835.61,640.01,46.9,22,27
DEL-11748,Piping & Layout,Engineering & Design,4295.8,379.49,325.17,8.8,117,137
DEL-11749,Electrical,Construction & Erection,5191.08,4031.49,3385.25,77.7,109,106
DEL-11750,Piping & Layout,Pre-Commissioning,1215.4,1138.78,1006.24,93.7,73,107
DEL-11751,Civil & Structural,Procurement & Fabrication,6408.1,4798.46,4595.35,74.9,31,29
DEL-11752,Piping & Layout,Engineering & Design,2126.59,952.63,921.22,44.8,57,56
DEL-11753,Piping & Layout,Procurement & Fabrication,19318.59,2365.11,2695.37,12.2,109,155
DEL-11754,Piping & Layout,Procurement & Fabrication,7473.87,7170.95,7697.0,95.9,82,86
DEL-11755,Instrumentation & Control,Engineering & Design,3569.14,2192.57,1655.04,61.4,18,25
DEL-11756,Electrical,Construction & Erection,2707.73,1542.45,1623.42,57.0,115,131
DEL-11757,Instrumentation & Control,Pre-Commissioning,4518.91,2195.11,2387.7,48.6,22,21
DEL-11758,Civil & Structural,Procurement & Fabrication,8024.32,6141.18,6084.16,76.5,56,57
DEL-11759,Piping & Layout,Procurement & Fabrication,4815.55,4281.77,4413.94,88.9,63,58
DEL-11760,Civil & Structural,Procurement & Fabrication,4130.99,2527.37,2700.61,61.2,20,24
DEL-11761,Civil & Structural,Engineering & Design,5149.71,3499.18,4040.46,67.9,87,113
DEL-11762,Electrical,Construction & Erection,3031.8,2821.33,2267.7,93.1,56,65
DEL-11763,Piping & Layout,Procurement & Fabrication,3734.75,1121.79,1125.55,30.0,86,96
DEL-11764,Civil & Structural,Procurement & Fabrication,926.46,86.96,110.11,9.4,46,39
DEL-11765,Piping & Layout,Construction & Erection,10710.51,6529.87,8178.66,61.0,29,37
DEL-11766,Piping & Layout,Procurement & Fabrication,6241.89,3688.74,4307.12,59.1,96,118
DEL-11767,Electrical,Construction & Erection,2647.14,1838.74,2060.35,69.5,101,113
DEL-11768,Civil & Structural,Engineering & Design,22448.7,9105.24,11729.32,40.6,83,83
DEL-11769,Civil & Structural,Construction & Erection,5269.09,4227.77,5613.11,80.2,41,44
DEL-11770,Civil & Structural,Pre-Commissioning,2145.41,566.93,578.63,26.4,111,97
DEL-11771,Civil & Structural,Construction & Erection,9753.58,4362.02,3902.2,44.7,80,61
DEL-11772,Electrical,Pre-Commissioning,6757.7,5117.99,5115.21,75.7,116,116
DEL-11773,Instrumentation & Control,Engineering & Design,6738.98,5091.31,7659.9,75.6,73,65
DEL-11774,Instrumentation & Control,Procurement & Fabrication,3496.07,2906.43,2338.51,83.1,42,40
DEL-11775,Electrical,Construction & Erection,7047.28,6293.46,6101.0,89.3,38,37
DEL-11776,Piping & Layout,Construction & Erection,3986.2,1528.34,1265.61,38.3,65,68
DEL-11777,Mechanical Equipment,Procurement & Fabrication,7667.56,4936.2,5226.03,64.4,35,36
DEL-11778,Civil & Structural,Procurement & Fabrication,1070.67,852.75,733.02,79.6,45,20
DEL-11779,Piping & Layout,Engineering & Design,3473.44,1063.35,1088.53,30.6,89,101
DEL-11780,Electrical,Procurement & Fabrication,19491.31,7432.2,5555.46,38.1,64,70
DEL-11781,Piping & Layout,Engineering & Design,2660.7,879.49,996.15,33.1,106,133
DEL-11782,Instrumentation & Control,Construction & Erection,3031.85,1442.45,1764.62,47.6,54,55
DEL-11783,Civil & Structural,Engineering & Design,3434.51,3218.53,3161.91,93.7,82,105
DEL-11784,Mechanical Equipment,Engineering & Design,1859.67,132.88,135.5,7.1,30,31
DEL-11785,Mechanical Equipment,Construction & Erection,839.98,492.49,500.12,58.6,90,102
DEL-11786,Instrumentation & Control,Construction & Erection,4086.85,521.84,556.87,12.8,100,88
DEL-11787,Mechanical Equipment,Construction & Erection,5479.05,722.25,747.01,13.2,113,145
DEL-11788,Mechanical Equipment,Construction & Erection,4712.6,2425.73,2802.25,51.5,77,102
DEL-11789,Piping & Layout,Procurement & Fabrication,4376.91,3684.38,4513.21,84.2,70,101
DEL-11790,Civil & Structural,Construction & Erection,5086.94,3210.94,2947.29,63.1,94,89
DEL-11791,Piping & Layout,Procurement & Fabrication,11139.73,4862.99,4831.87,43.7,38,44
DEL-11792,Electrical,Engineering & Design,4220.22,3990.03,4689.26,94.5,113,87
DEL-11793,Civil & Structural,Construction & Erection,3104.89,1723.76,1425.12,55.5,42,29
DEL-11794,Mechanical Equipment,Pre-Commissioning,3924.91,3243.31,2414.29,82.6,107,125
DEL-11795,Piping & Layout,Procurement & Fabrication,7812.48,3352.9,3600.84,42.9,99,103
DEL-11796,Piping & Layout,Engineering & Design,15208.68,4635.59,5166.14,30.5,103,83
DEL-11797,Electrical,Engineering & Design,2973.47,2080.54,1938.35,70.0,117,128
DEL-11798,Piping & Layout,Engineering & Design,5319.57,4993.9,4760.2,93.9,45,56
DEL-11799,Piping & Layout,Procurement & Fabrication,6442.59,473.25,438.21,7.3,29,31
DEL-11800,Piping & Layout,Construction & Erection,2221.5,417.03,379.48,18.8,56,73
DEL-11801,Instrumentation & Control,Engineering & Design,4995.7,3069.73,3511.84,61.4,113,105
DEL-11802,Electrical,Pre-Commissioning,1521.51,857.13,739.64,56.3,116,148
DEL-11803,Civil & Structural,Construction & Erection,1193.64,105.34,105.36,8.8,64,63
DEL-11804,Piping & Layout,Construction & Erection,6590.58,4849.25,4384.69,73.6,100,131
DEL-11805,Piping & Layout,Construction & Erection,3615.19,1994.84,1639.17,55.2,19,15
DEL-11806,Electrical,Engineering & Design,5778.07,1677.0,1962.97,29.0,62,69
DEL-11807,Mechanical Equipment,Procurement & Fabrication,4844.91,730.07,702.35,15.1,27,30
DEL-11808,Piping & Layout,Construction & Erection,2250.44,1242.83,1327.68,55.2,46,53
DEL-11809,Piping & Layout,Construction & Erection,4740.02,3526.47,2869.8,74.4,81,80
DEL-11810,Piping & Layout,Construction & Erection,1832.65,1267.92,1177.53,69.2,93,107
DEL-11811,Mechanical Equipment,Engineering & Design,14954.65,11978.73,13816.43,80.1,105,107
DEL-11812,Electrical,Pre-Commissioning,1661.08,782.02,1116.8,47.1,105,100
DEL-11813,Piping & Layout,Engineering & Design,4202.23,2686.57,1997.65,63.9,44,59
DEL-11814,Piping & Layout,Construction & Erection,2134.92,1765.92,1783.28,82.7,20,22
DEL-11815,Piping & Layout,Pre-Commissioning,7756.89,1595.52,1758.01,20.6,39,30
DEL-11816,Instrumentation & Control,Engineering & Design,3770.09,1996.0,1891.38,52.9,42,39
DEL-11817,Piping & Layout,Construction & Erection,3245.64,1410.74,1646.94,43.5,76,103
DEL-11818,Electrical,Engineering & Design,9726.03,5556.6,5056.46,57.1,36,32
DEL-11819,Mechanical Equipment,Procurement & Fabrication,5031.86,1958.5,2082.04,38.9,82,96
DEL-11820,Civil & Structural,Procurement & Fabrication,7430.26,5111.33,4915.51,68.8,29,27
DEL-11821,Piping & Layout,Construction & Erection,2241.59,1859.0,2273.4,82.9,40,31
DEL-11822,Piping & Layout,Pre-Commissioning,1597.42,1261.32,1183.81,79.0,77,89
DEL-11823,Mechanical Equipment,Construction & Erection,5354.89,4636.33,4577.07,86.6,32,32
DEL-11824,Electrical,Procurement & Fabrication,3808.24,2743.79,3242.76,72.0,87,120
DEL-11825,Mechanical Equipment,Construction & Erection,8112.39,4294.61,3804.14,52.9,77,99
DEL-11826,Civil & Structural,Pre-Commissioning,4610.42,2796.13,2936.81,60.6,76,100
DEL-11827,Piping & Layout,Engineering & Design,5791.0,5540.36,4247.35,95.7,82,104
DEL-11828,Instrumentation & Control,Pre-Commissioning,1341.17,419.23,367.59,31.3,62,74
DEL-11829,Electrical,Engineering & Design,22264.52,7287.94,7997.2,32.7,64,50
DEL-11830,Piping & Layout,Construction & Erection,4309.63,2470.0,2201.75,57.3,77,78
DEL-11831,Instrumentation & Control,Engineering & Design,8587.56,3551.81,3403.75,41.4,83,99
DEL-11832,Mechanical Equipment,Engineering & Design,2517.76,1520.04,1693.27,60.4,20,20
DEL-11833,Mechanical Equipment,Procurement & Fabrication,6288.06,2332.29,2222.96,37.1,72,76
DEL-11834,Electrical,Construction & Erection,1733.2,867.32,1009.06,50.0,65,78
DEL-11835,Electrical,Procurement & Fabrication,7056.15,1296.57,1390.38,18.4,26,33
DEL-11836,Mechanical Equipment,Engineering & Design,3696.79,1923.54,2126.18,52.0,109,95
DEL-11837,Piping & Layout,Construction & Erection,5030.89,2432.11,2982.11,48.3,61,73
DEL-11838,Piping & Layout,Pre-Commissioning,8590.22,3875.52,4216.46,45.1,23,27
DEL-11839,Instrumentation & Control,Procurement & Fabrication,1833.47,657.3,835.31,35.8,21,18
DEL-11840,Piping & Layout,Engineering & Design,2842.41,1225.81,1442.39,43.1,43,42
DEL-11841,Civil & Structural,Procurement & Fabrication,7085.88,3994.01,3840.17,56.4,92,100
DEL-11842,Civil & Structural,Engineering & Design,26332.97,13583.72,16761.93,51.6,65,87
DEL-11843,Civil & Structural,Construction & Erection,4400.77,3753.25,4051.93,85.3,98,96
DEL-11844,Mechanical Equipment,Construction & Erection,7886.51,6348.11,6226.21,80.5,69,79
DEL-11845,Instrumentation & Control,Construction & Erection,4511.67,930.59,1006.67,20.6,110,142
DEL-11846,Piping & Layout,Procurement & Fabrication,23243.86,12299.42,14843.54,52.9,73,104
DEL-11847,Piping & Layout,Construction & Erection,1214.66,423.75,469.62,34.9,70,77
DEL-11848,Piping & Layout,Construction & Erection,5301.24,4173.23,5480.95,78.7,36,23
DEL-11849,Instrumentation & Control,Construction & Erection,1338.85,457.3,550.12,34.2,114,142
DEL-11850,Mechanical Equipment,Construction & Erection,661.65,446.24,499.11,67.4,32,35
DEL-11851,Piping & Layout,Construction & Erection,6235.22,4011.41,3554.47,64.3,72,64
DEL-11852,Electrical,Construction & Erection,5495.02,3805.38,3855.0,69.3,54,65
DEL-11853,Instrumentation & Control,Procurement & Fabrication,3913.28,2937.1,3086.16,75.1,103,148
DEL-11854,Electrical,Pre-Commissioning,4514.48,2462.61,2818.44,54.5,45,50
DEL-11855,Instrumentation & Control,Procurement & Fabrication,58608.77,34923.03,39658.59,59.6,70,51
DEL-11856,Piping & Layout,Construction & Erection,3997.64,2879.26,3067.66,72.0,49,66
DEL-11857,Electrical,Engineering & Design,7391.6,5345.99,5656.34,72.3,40,43
DEL-11858,Civil & Structural,Construction & Erection,2923.42,2355.67,2704.47,80.6,82,99
DEL-11859,Electrical,Construction & Erection,6224.11,2079.98,1895.3,33.4,98,105
DEL-11860,Electrical,Engineering & Design,4061.93,2446.57,3166.66,60.2,48,55
DEL-11861,Electrical,Engineering & Design,3538.95,914.79,670.48,25.8,90,107
DEL-11862,Mechanical Equipment,Construction & Erection,21059.75,17016.53,21412.09,80.8,30,37
DEL-11863,Piping & Layout,Construction & Erection,12603.73,3786.97,3912.78,30.0,56,61
DEL-11864,Civil & Structural,Procurement & Fabrication,5482.94,4304.85,5124.43,78.5,19,17
DEL-11865,Instrumentation & Control,Engineering & Design,777.93,438.19,479.64,56.3,75,82
DEL-11866,Instrumentation & Control,Construction & Erection,3681.93,2682.09,2928.58,72.8,58,71
DEL-11867,Piping & Layout,Engineering & Design,42719.98,37769.41,42420.26,88.4,49,45
DEL-11868,Piping & Layout,Procurement & Fabrication,4086.61,2564.82,2978.67,62.8,105,88
DEL-11869,Piping & Layout,Engineering & Design,11879.55,6230.92,6172.82,52.5,15,20
DEL-11870,Electrical,Engineering & Design,15577.05,10195.28,12185.6,65.5,112,157
DEL-11871,Electrical,Engineering & Design,5855.7,4209.82,3693.4,71.9,57,61
DEL-11872,Piping & Layout,Procurement & Fabrication,2506.25,1295.56,1346.35,51.7,46,54
DEL-11873,Civil & Structural,Engineering & Design,700.47,626.01,729.55,89.4,117,133
DEL-11874,Electrical,Procurement & Fabrication,8495.83,6539.78,7777.45,77.0,77,48
DEL-11875,Electrical,Procurement & Fabrication,2561.11,768.03,851.84,30.0,47,52
DEL-11876,Civil & Structural,Procurement & Fabrication,5658.54,4563.93,4477.18,80.7,109,147
DEL-11877,Mechanical Equipment,Procurement & Fabrication,1808.3,207.8,244.07,11.5,91,75
DEL-11878,Civil & Structural,Construction & Erection,3975.12,1625.52,1527.33,40.9,80,65
DEL-11879,Piping & Layout,Engineering & Design,5049.15,3520.71,4586.46,69.7,44,40
DEL-11880,Mechanical Equipment,Procurement & Fabrication,6092.87,1509.63,1550.84,24.8,24,23
DEL-11881,Mechanical Equipment,Engineering & Design,2014.53,1162.23,940.31,57.7,37,44
DEL-11882,Instrumentation & Control,Engineering & Design,12804.2,9784.0,8422.05,76.4,111,147
DEL-11883,Mechanical Equipment,Construction & Erection,3048.74,2292.86,2399.58,75.2,53,70
DEL-11884,Electrical,Construction & Erection,1287.46,697.6,740.14,54.2,59,70
DEL-11885,Piping & Layout,Construction & Erection,4504.27,3080.63,4114.02,68.4,43,32
DEL-11886,Civil & Structural,Construction & Erection,5051.8,4602.99,4070.08,91.1,44,33
DEL-11887,Piping & Layout,Pre-Commissioning,5588.53,2151.99,2250.81,38.5,48,58
DEL-11888,Piping & Layout,Engineering & Design,14613.57,12083.05,10646.21,82.7,66,49
DEL-11889,Electrical,Engineering & Design,4067.73,2274.72,2197.61,55.9,117,137
DEL-11890,Instrumentation & Control,Engineering & Design,4466.25,3066.64,3963.93,68.7,95,106
DEL-11891,Piping & Layout,Engineering & Design,2033.38,1833.22,1594.07,90.2,36,35
DEL-11892,Civil & Structural,Procurement & Fabrication,9475.29,3186.89,3594.99,33.6,19,10
DEL-11893,Electrical,Construction & Erection,5695.59,2986.96,3282.48,52.4,25,28
DEL-11894,Piping & Layout,Engineering & Design,3512.13,2306.33,2390.23,65.7,100,116
DEL-11895,Mechanical Equipment,Pre-Commissioning,1070.91,280.22,313.26,26.2,46,44
DEL-11896,Electrical,Construction & Erection,15607.86,2302.03,1993.55,14.7,38,32
DEL-11897,Mechanical Equipment,Engineering & Design,1840.62,1486.54,1915.33,80.8,25,28
DEL-11898,Piping & Layout,Engineering & Design,3062.47,1612.09,2142.03,52.6,25,19
DEL-11899,Civil & Structural,Engineering & Design,6546.43,5655.75,5921.94,86.4,31,37
DEL-11900,Electrical,Engineering & Design,1887.02,1304.76,1831.18,69.1,46,58
DEL-11901,Mechanical Equipment,Engineering & Design,1488.01,553.79,542.8,37.2,97,65
DEL-11902,Piping & Layout,Procurement & Fabrication,898.6,356.09,391.72,39.6,41,39
DEL-11903,Electrical,Engineering & Design,8749.9,4058.26,5092.24,46.4,46,48
DEL-11904,Piping & Layout,Procurement & Fabrication,3177.5,1221.02,1185.8,38.4,75,79
DEL-11905,Electrical,Pre-Commissioning,51114.12,30885.08,25720.1,60.4,39,34
DEL-11906,Piping & Layout,Construction & Erection,2218.34,266.39,212.65,12.0,78,62
DEL-11907,Instrumentation & Control,Pre-Commissioning,2351.57,1795.79,2422.74,76.4,78,76
DEL-11908,Civil & Structural,Engineering & Design,3126.55,2842.73,2730.85,90.9,42,50
DEL-11909,Piping & Layout,Procurement & Fabrication,5970.03,4359.03,4411.95,73.0,54,63
DEL-11910,Piping & Layout,Construction & Erection,3373.94,2278.75,1989.54,67.5,105,124
DEL-11911,Piping & Layout,Engineering & Design,8021.38,2166.1,2560.88,27.0,28,37
DEL-11912,Instrumentation & Control,Engineering & Design,2246.5,1306.86,1205.92,58.2,56,48
DEL-11913,Instrumentation & Control,Construction & Erection,1627.38,1066.58,1030.65,65.5,53,52
DEL-11914,Civil & Structural,Construction & Erection,1166.11,708.73,768.92,60.8,16,16
DEL-11915,Civil & Structural,Procurement & Fabrication,829.76,626.49,551.56,75.5,95,46
DEL-11916,Electrical,Procurement & Fabrication,3247.19,2126.2,2154.29,65.5,15,17
DEL-11917,Instrumentation & Control,Procurement & Fabrication,3863.06,3530.02,4413.69,91.4,46,48
DEL-11918,Mechanical Equipment,Engineering & Design,2965.65,2744.55,3030.64,92.5,97,81
DEL-11919,Civil & Structural,Procurement & Fabrication,13289.44,11017.27,11673.7,82.9,78,96
DEL-11920,Civil & Structural,Engineering & Design,13126.97,4929.08,5285.11,37.5,92,112
DEL-11921,Mechanical Equipment,Engineering & Design,3759.94,1415.24,1389.24,37.6,45,51
DEL-11922,Piping & Layout,Pre-Commissioning,1170.12,1045.88,1400.88,89.4,72,52
DEL-11923,Mechanical Equipment,Construction & Erection,3123.27,1983.74,1821.42,63.5,96,83
DEL-11924,Civil & Structural,Construction & Erection,3041.61,774.94,830.45,25.5,92,103
DEL-11925,Electrical,Procurement & Fabrication,2905.3,546.73,578.03,18.8,28,27
DEL-11926,Piping & Layout,Procurement & Fabrication,2812.49,1916.75,2283.46,68.2,102,103
DEL-11927,Mechanical Equipment,Engineering & Design,2913.85,958.46,1155.4,32.9,83,70
DEL-11928,Civil & Structural,Engineering & Design,3607.49,1163.35,1204.3,32.2,30,33
DEL-11929,Mechanical Equipment,Engineering & Design,2955.93,1656.0,1794.45,56.0,83,113
DEL-11930,Piping & Layout,Construction & Erection,5806.06,3556.95,3874.52,61.3,68,76
DEL-11931,Mechanical Equipment,Construction & Erection,6557.04,5556.49,3889.55,84.7,27,34
DEL-11932,Mechanical Equipment,Procurement & Fabrication,2371.99,1882.45,1509.07,79.4,94,116
DEL-11933,Mechanical Equipment,Procurement & Fabrication,13586.78,8690.06,8248.96,64.0,93,92
DEL-11934,Mechanical Equipment,Pre-Commissioning,2243.85,1070.51,1023.15,47.7,45,46
DEL-11935,Mechanical Equipment,Engineering & Design,1347.17,1168.23,1004.8,86.7,83,112
DEL-11936,Electrical,Engineering & Design,6664.98,5612.23,6467.74,84.2,35,42
DEL-11937,Piping & Layout,Procurement & Fabrication,2555.68,2467.89,2567.39,96.6,44,55
DEL-11938,Electrical,Construction & Erection,6355.23,4689.0,4725.55,73.8,37,40
DEL-11939,Civil & Structural,Pre-Commissioning,718.43,327.18,278.62,45.5,52,51
DEL-11940,Piping & Layout,Engineering & Design,14972.41,4818.4,4978.94,32.2,43,43
DEL-11941,Piping & Layout,Construction & Erection,8415.54,5559.61,3891.72,66.1,91,122
DEL-11942,Piping & Layout,Construction & Erection,1479.74,1104.24,1121.42,74.6,46,49
DEL-11943,Electrical,Engineering & Design,1505.65,169.83,178.23,11.3,76,100
DEL-11944,Electrical,Procurement & Fabrication,18728.71,10031.23,10796.48,53.6,105,141
DEL-11945,Electrical,Procurement & Fabrication,2724.65,359.8,289.78,13.2,112,139
DEL-11946,Civil & Structural,Pre-Commissioning,2521.61,1321.58,1419.01,52.4,59,72
DEL-11947,Civil & Structural,Engineering & Design,802.04,659.53,582.88,82.2,63,88
DEL-11948,Piping & Layout,Construction & Erection,3712.19,2640.77,2424.56,71.1,47,42
DEL-11949,Piping & Layout,Procurement & Fabrication,4096.24,333.62,382.89,8.1,18,18
DEL-11950,Civil & Structural,Construction & Erection,8711.46,6159.62,8266.93,70.7,32,26
DEL-11951,Piping & Layout,Procurement & Fabrication,1604.77,494.85,518.46,30.8,84,64
DEL-11952,Piping & Layout,Construction & Erection,1456.47,399.82,366.81,27.5,78,82
DEL-11953,Mechanical Equipment,Construction & Erection,7049.91,5796.78,6192.71,82.2,42,47
DEL-11954,Electrical,Construction & Erection,10997.07,4828.66,5701.94,43.9,72,84
DEL-11955,Instrumentation & Control,Construction & Erection,1398.39,299.27,339.12,21.4,105,97
DEL-11956,Instrumentation & Control,Engineering & Design,11675.07,5924.82,8599.68,50.7,104,102
DEL-11957,Mechanical Equipment,Construction & Erection,5064.62,3002.61,2800.54,59.3,70,86
DEL-11958,Civil & Structural,Engineering & Design,11771.59,2383.13,2568.62,20.2,34,26
DEL-11959,Mechanical Equipment,Procurement & Fabrication,4646.29,2380.32,3028.58,51.2,91,97
DEL-11960,Electrical,Procurement & Fabrication,653.39,424.74,536.41,65.0,106,140
DEL-11961,Piping & Layout,Procurement & Fabrication,4352.15,3426.53,2561.29,78.7,48,48
DEL-11962,Civil & Structural,Procurement & Fabrication,11477.17,10715.1,11138.3,93.4,101,99
DEL-11963,Electrical,Pre-Commissioning,2404.27,1228.97,1551.79,51.1,24,31
DEL-11964,Civil & Structural,Engineering & Design,3603.38,2311.66,3406.46,64.2,108,84
DEL-11965,Mechanical Equipment,Construction & Erection,4268.82,1792.43,2053.35,42.0,36,32
DEL-11966,Mechanical Equipment,Procurement & Fabrication,483.18,321.19,316.32,66.5,19,17
DEL-11967,Piping & Layout,Engineering & Design,18714.95,15659.45,13915.29,83.7,58,70
DEL-11968,Civil & Structural,Engineering & Design,2389.64,2017.05,2769.02,84.4,23,17
DEL-11969,Piping & Layout,Pre-Commissioning,7365.69,6053.61,6957.48,82.2,57,74
DEL-11970,Piping & Layout,Construction & Erection,4585.43,4024.82,3673.82,87.8,18,19
DEL-11971,Piping & Layout,Pre-Commissioning,13441.41,7212.16,7280.87,53.7,56,71
DEL-11972,Electrical,Pre-Commissioning,6801.14,1958.66,2128.14,28.8,79,103
DEL-11973,Piping & Layout,Engineering & Design,4072.7,2017.93,2263.25,49.5,112,101
DEL-11974,Civil & Structural,Procurement & Fabrication,2404.72,1510.8,1367.36,62.8,55,59
DEL-11975,Piping & Layout,Construction & Erection,9304.75,6076.15,5759.41,65.3,78,79
DEL-11976,Instrumentation & Control,Procurement & Fabrication,1098.0,411.06,325.59,37.4,69,72
DEL-11977,Piping & Layout,Procurement & Fabrication,8239.64,4894.12,5853.19,59.4,104,98
DEL-11978,Civil & Structural,Procurement & Fabrication,2040.12,1002.47,991.2,49.1,32,41
DEL-11979,Instrumentation & Control,Construction & Erection,13384.16,10727.02,11906.44,80.1,30,31
DEL-11980,Electrical,Construction & Erection,5591.71,3575.06,4480.76,63.9,101,100
DEL-11981,Piping & Layout,Engineering & Design,8228.01,359.77,386.03,4.4,60,77
DEL-11982,Electrical,Procurement & Fabrication,5247.94,2945.54,3013.45,56.1,50,61
DEL-11983,Civil & Structural,Construction & Erection,1209.66,583.44,623.75,48.2,104,116
DEL-11984,Civil & Structural,Construction & Erection,2468.63,2379.27,2496.99,96.4,80,79
DEL-11985,Piping & Layout,Engineering & Design,8416.18,6548.5,8034.52,77.8,58,78
DEL-11986,Piping & Layout,Construction & Erection,5615.72,3229.54,3509.3,57.5,19,16
DEL-11987,Electrical,Engineering & Design,12642.15,11257.87,10788.86,89.1,43,55
DEL-11988,Civil & Structural,Procurement & Fabrication,6786.02,2489.56,2980.45,36.7,18,21
DEL-11989,Civil & Structural,Construction & Erection,2267.97,1002.77,1227.96,44.2,113,91
DEL-11990,Electrical,Construction & Erection,2599.69,1658.71,1392.07,63.8,100,107
DEL-11991,Electrical,Engineering & Design,5336.55,4946.82,6282.06,92.7,63,50
DEL-11992,Piping & Layout,Construction & Erection,771.83,192.03,210.21,24.9,86,85
DEL-11993,Mechanical Equipment,Construction & Erection,18746.33,14464.0,15657.14,77.2,99,110
DEL-11994,Piping & Layout,Construction & Erection,6998.12,4826.38,5748.18,69.0,22,19
DEL-11995,Electrical,Construction & Erection,13116.52,4668.49,4458.19,35.6,66,39
DEL-11996,Mechanical Equipment,Construction & Erection,1387.86,1303.91,1542.69,94.0,83,86
DEL-11997,Instrumentation & Control,Procurement & Fabrication,13301.77,9506.56,9349.54,71.5,35,39
DEL-11998,Piping & Layout,Engineering & Design,29295.79,18986.34,15545.2,64.8,41,40
DEL-11999,Piping & Layout,Engineering & Design,1708.37,1189.62,1059.16,69.6,52,55
DEL-12000,Piping & Layout,Procurement & Fabrication,9109.94,7094.49,7981.68,77.9,19,19
DEL-12001,Piping & Layout,Construction & Erection,4919.13,1655.77,1487.18,33.7,99,85
DEL-12002,Piping & Layout,Procurement & Fabrication,1428.6,927.46,1188.55,64.9,75,109
DEL-12003,Instrumentation & Control,Engineering & Design,7290.35,6492.37,7910.26,89.1,22,25
DEL-12004,Piping & Layout,Engineering & Design,9574.73,3724.99,4619.05,38.9,100,97
DEL-12005,Piping & Layout,Procurement & Fabrication,3038.44,2251.23,2383.42,74.1,32,29
DEL-12006,Electrical,Engineering & Design,12490.62,5698.07,6146.38,45.6,18,18
DEL-12007,Civil & Structural,Construction & Erection,1295.42,790.88,680.9,61.1,18,18
DEL-12008,Electrical,Engineering & Design,1486.52,465.86,554.08,31.3,51,54
DEL-12009,Piping & Layout,Construction & Erection,5482.29,2397.91,2630.44,43.7,29,37
DEL-12010,Civil & Structural,Pre-Commissioning,5015.6,2518.37,2833.4,50.2,52,47
DEL-12011,Piping & Layout,Engineering & Design,2770.38,1658.44,2144.77,59.9,41,45
DEL-12012,Piping & Layout,Procurement & Fabrication,9392.58,3559.34,3378.19,37.9,99,121
DEL-12013,Instrumentation & Control,Engineering & Design,7515.44,4868.33,4970.95,64.8,62,57
DEL-12014,Piping & Layout,Construction & Erection,9764.53,3375.17,3675.56,34.6,60,55
DEL-12015,Civil & Structural,Construction & Erection,4453.7,2964.71,2667.3,66.6,60,45
DEL-12016,Civil & Structural,Procurement & Fabrication,7959.04,5968.78,6039.57,75.0,62,87
DEL-12017,Piping & Layout,Procurement & Fabrication,3440.87,1275.36,1420.68,37.1,73,85
DEL-12018,Instrumentation & Control,Construction & Erection,25413.99,21291.33,21103.69,83.8,18,17
DEL-12019,Piping & Layout,Engineering & Design,2565.64,1334.84,1650.33,52.0,89,83
DEL-12020,Mechanical Equipment,Engineering & Design,26482.46,14638.14,11906.1,55.3,33,28
DEL-12021,Instrumentation & Control,Construction & Erection,5053.87,4184.8,5056.98,82.8,71,77
DEL-12022,Mechanical Equipment,Construction & Erection,1635.32,1248.14,1421.86,76.3,33,33
DEL-12023,Instrumentation & Control,Construction & Erection,14683.26,9750.72,9308.77,66.4,105,92
DEL-12024,Piping & Layout,Construction & Erection,5435.58,1004.44,905.34,18.5,118,107
DEL-12025,Civil & Structural,Construction & Erection,9709.88,6745.76,4910.63,69.5,56,67
DEL-12026,Piping & Layout,Procurement & Fabrication,13083.21,1886.32,1736.78,14.4,106,104
DEL-12027,Electrical,Construction & Erection,6440.52,1824.32,2183.85,28.3,19,15
DEL-12028,Instrumentation & Control,Pre-Commissioning,3060.11,728.88,751.9,23.8,62,67
DEL-12029,Piping & Layout,Construction & Erection,10727.55,8075.72,9807.54,75.3,39,36
DEL-12030,Mechanical Equipment,Engineering & Design,4917.74,2375.41,2249.56,48.3,81,96
DEL-12031,Piping & Layout,Engineering & Design,8507.35,6520.5,7472.93,76.6,40,54
DEL-12032,Mechanical Equipment,Engineering & Design,877.45,264.29,246.42,30.1,88,59
DEL-12033,Civil & Structural,Engineering & Design,7027.49,3676.35,3290.93,52.3,102,94
DEL-12034,Instrumentation & Control,Procurement & Fabrication,2948.73,971.88,995.13,33.0,76,83
DEL-12035,Mechanical Equipment,Construction & Erection,18446.83,15011.55,14114.69,81.4,107,112
DEL-12036,Piping & Layout,Construction & Erection,8090.69,3089.29,2497.93,38.2,21,28
DEL-12037,Piping & Layout,Procurement & Fabrication,5954.4,2459.32,2490.44,41.3,58,61
DEL-12038,Piping & Layout,Construction & Erection,7252.11,5737.39,6058.48,79.1,101,111
DEL-12039,Piping & Layout,Engineering & Design,2211.1,1422.33,1749.83,64.3,41,47
DEL-12040,Piping & Layout,Engineering & Design,18008.61,10906.69,12875.57,60.6,56,52
DEL-12041,Instrumentation & Control,Engineering & Design,24175.53,9345.22,11429.12,38.7,87,101
DEL-12042,Mechanical Equipment,Procurement & Fabrication,6730.0,4750.99,5454.4,70.6,70,80
DEL-12043,Civil & Structural,Engineering & Design,17541.47,8310.31,9057.34,47.4,17,18
DEL-12044,Piping & Layout,Engineering & Design,3117.17,2096.19,1793.62,67.2,27,18
DEL-12045,Instrumentation & Control,Procurement & Fabrication,2597.51,2061.64,2190.46,79.4,84,76
DEL-12046,Electrical,Construction & Erection,5078.34,3819.53,4314.23,75.2,73,80
DEL-12047,Piping & Layout,Engineering & Design,6960.13,6428.4,8090.89,92.4,52,54
DEL-12048,Electrical,Construction & Erection,3586.06,2651.81,3030.87,73.9,99,120
DEL-12049,Civil & Structural,Construction & Erection,7556.89,4487.07,5501.41,59.4,97,118
DEL-12050,Piping & Layout,Construction & Erection,6279.91,5728.71,5071.06,91.2,103,116
DEL-12051,Civil & Structural,Pre-Commissioning,2211.34,332.37,329.39,15.0,117,142
DEL-12052,Civil & Structural,Engineering & Design,7443.04,4410.75,4871.24,59.3,82,95
DEL-12053,Piping & Layout,Engineering & Design,9806.71,6348.01,7707.39,64.7,100,95
DEL-12054,Instrumentation & Control,Construction & Erection,5637.38,4222.87,4299.8,74.9,83,88
DEL-12055,Electrical,Procurement & Fabrication,12358.74,725.93,745.99,5.9,15,13
DEL-12056,Mechanical Equipment,Construction & Erection,1855.81,812.13,928.32,43.8,64,87
DEL-12057,Civil & Structural,Construction & Erection,7146.37,4751.77,4139.36,66.5,95,77
DEL-12058,Civil & Structural,Construction & Erection,1927.11,1375.21,1761.8,71.4,87,56
DEL-12059,Mechanical Equipment,Pre-Commissioning,2015.73,1665.35,1512.35,82.6,23,34
DEL-12060,Civil & Structural,Pre-Commissioning,2966.85,1631.73,1227.4,55.0,67,70
DEL-12061,Piping & Layout,Construction & Erection,2313.12,2047.42,2132.41,88.5,102,126
DEL-12062,Civil & Structural,Engineering & Design,3170.37,1700.78,2202.12,53.6,24,29
DEL-12063,Electrical,Construction & Erection,4140.95,3371.05,3802.44,81.4,98,124
DEL-12064,Civil & Structural,Engineering & Design,9601.97,3690.62,4254.04,38.4,95,112
DEL-12065,Piping & Layout,Engineering & Design,3801.2,3582.26,3747.79,94.2,91,107
DEL-12066,Electrical,Construction & Erection,1382.29,819.56,833.61,59.3,43,25
DEL-12067,Piping & Layout,Engineering & Design,12234.98,10598.72,8566.56,86.6,50,43
DEL-12068,Piping & Layout,Engineering & Design,2515.75,1548.34,1085.53,61.5,101,54
DEL-12069,Piping & Layout,Engineering & Design,4689.23,4240.03,4534.46,90.4,41,37
DEL-12070,Piping & Layout,Construction & Erection,7024.99,2371.93,2933.8,33.8,32,31
DEL-12071,Electrical,Procurement & Fabrication,5765.74,4481.36,4891.94,77.7,32,33
DEL-12072,Civil & Structural,Construction & Erection,11793.97,11090.18,12571.17,94.0,23,20
DEL-12073,Piping & Layout,Engineering & Design,7209.84,4665.99,5961.08,64.7,81,80
DEL-12074,Instrumentation & Control,Construction & Erection,2467.48,1766.84,1924.65,71.6,21,20
DEL-12075,Instrumentation & Control,Construction & Erection,28081.04,14665.92,14982.73,52.2,72,81
DEL-12076,Instrumentation & Control,Procurement & Fabrication,5741.45,905.83,830.85,15.8,93,113
DEL-12077,Piping & Layout,Procurement & Fabrication,4368.29,725.57,974.68,16.6,44,49
DEL-12078,Civil & Structural,Engineering & Design,10626.86,8741.49,9781.58,82.3,87,103
DEL-12079,Instrumentation & Control,Pre-Commissioning,6000.28,3292.37,2958.06,54.9,75,82
DEL-12080,Electrical,Construction & Erection,6764.09,2530.9,2187.52,37.4,119,154
DEL-12081,Piping & Layout,Pre-Commissioning,36089.14,30419.75,37354.23,84.3,105,150
DEL-12082,Piping & Layout,Procurement & Fabrication,3943.81,3442.0,3044.05,87.3,114,65
DEL-12083,Civil & Structural,Construction & Erection,3811.55,3688.75,4862.06,96.8,96,124
DEL-12084,Instrumentation & Control,Construction & Erection,5395.19,4943.62,3460.54,91.6,109,87
DEL-12085,Civil & Structural,Construction & Erection,11582.06,9657.53,12104.65,83.4,31,34
DEL-12086,Civil & Structural,Pre-Commissioning,1472.58,81.87,91.13,5.6,67,75
DEL-12087,Piping & Layout,Procurement & Fabrication,1020.0,733.2,775.57,71.9,20,24
DEL-12088,Mechanical Equipment,Engineering & Design,3072.69,270.92,274.62,8.8,53,56
DEL-12089,Electrical,Construction & Erection,1329.9,888.71,1176.3,66.8,39,41
DEL-12090,Civil & Structural,Construction & Erection,3498.66,2929.98,3357.93,83.7,56,63
DEL-12091,Electrical,Construction & Erection,7346.65,5306.89,4800.19,72.2,56,55
DEL-12092,Instrumentation & Control,Engineering & Design,2410.05,1927.77,1507.83,80.0,73,50
DEL-12093,Piping & Layout,Procurement & Fabrication,1569.54,497.8,530.95,31.7,116,123
DEL-12094,Civil & Structural,Procurement & Fabrication,5195.09,943.35,980.93,18.2,52,47
DEL-12095,Piping & Layout,Procurement & Fabrication,9798.99,1189.38,965.8,12.1,45,40
DEL-12096,Electrical,Construction & Erection,1266.51,542.02,559.19,42.8,43,38
DEL-12097,Mechanical Equipment,Construction & Erection,9472.86,3017.16,2878.1,31.9,118,79
DEL-12098,Mechanical Equipment,Engineering & Design,9450.71,6587.65,6860.33,69.7,23,23
DEL-12099,Electrical,Procurement & Fabrication,10543.53,7386.08,8485.79,70.1,15,16
DEL-12100,Civil & Structural,Engineering & Design,13027.06,4171.1,5271.82,32.0,94,114
DEL-12101,Instrumentation & Control,Engineering & Design,28612.85,8910.45,10481.66,31.1,116,109
DEL-12102,Civil & Structural,Construction & Erection,3696.44,2628.6,2449.29,71.1,101,139
DEL-12103,Piping & Layout,Pre-Commissioning,5365.03,1288.46,1411.3,24.0,86,101
DEL-12104,Mechanical Equipment,Procurement & Fabrication,3522.23,2900.33,3043.79,82.3,61,51
DEL-12105,Electrical,Construction & Erection,4922.55,1449.13,1217.53,29.4,90,87
DEL-12106,Piping & Layout,Construction & Erection,16752.43,13135.24,14445.29,78.4,24,35
DEL-12107,Instrumentation & Control,Construction & Erection,1675.7,1303.52,1718.7,77.8,30,36
DEL-12108,Instrumentation & Control,Engineering & Design,2467.99,1110.89,1160.73,45.0,61,58
DEL-12109,Piping & Layout,Pre-Commissioning,14790.56,9298.8,7447.15,62.9,57,71
DEL-12110,Instrumentation & Control,Procurement & Fabrication,11114.76,9439.34,9859.77,84.9,38,31
DEL-12111,Piping & Layout,Procurement & Fabrication,3675.68,2649.59,2273.19,72.1,117,111
DEL-12112,Piping & Layout,Engineering & Design,9735.38,5231.26,6118.17,53.7,22,13
DEL-12113,Piping & Layout,Procurement & Fabrication,6457.34,4697.32,5255.04,72.7,89,105
DEL-12114,Instrumentation & Control,Engineering & Design,16321.19,3585.28,3636.78,22.0,119,98
DEL-12115,Mechanical Equipment,Engineering & Design,5216.63,3306.05,3274.07,63.4,40,42
DEL-12116,Piping & Layout,Procurement & Fabrication,11164.63,5737.65,5784.5,51.4,21,16
DEL-12117,Civil & Structural,Construction & Erection,40684.79,8829.05,9193.17,21.7,93,102
DEL-12118,Mechanical Equipment,Construction & Erection,7930.56,6853.81,6334.05,86.4,29,30
DEL-12119,Piping & Layout,Procurement & Fabrication,5112.6,3678.69,3060.07,72.0,62,47
DEL-12120,Instrumentation & Control,Construction & Erection,8760.06,4273.08,5173.86,48.8,17,16
DEL-12121,Electrical,Construction & Erection,3669.37,2667.24,2619.73,72.7,30,33
DEL-12122,Civil & Structural,Construction & Erection,33202.29,27305.2,29081.58,82.2,93,107
DEL-12123,Instrumentation & Control,Engineering & Design,5676.31,611.05,661.64,10.8,103,142
DEL-12124,Civil & Structural,Construction & Erection,3950.72,2087.4,2271.72,52.8,111,145
DEL-12125,Instrumentation & Control,Pre-Commissioning,2518.58,2340.58,2022.09,92.9,28,26
DEL-12126,Mechanical Equipment,Construction & Erection,11822.69,9946.97,7844.42,84.1,102,94
DEL-12127,Mechanical Equipment,Procurement & Fabrication,9835.46,3059.21,2911.43,31.1,89,69
DEL-12128,Piping & Layout,Procurement & Fabrication,3301.45,1554.45,1708.9,47.1,17,15
DEL-12129,Instrumentation & Control,Construction & Erection,7794.4,5732.24,5335.61,73.5,87,107
DEL-12130,Civil & Structural,Procurement & Fabrication,1470.2,1146.24,1131.06,78.0,84,62
DEL-12131,Piping & Layout,Engineering & Design,5698.6,5452.81,7410.88,95.7,45,46
DEL-12132,Piping & Layout,Procurement & Fabrication,7060.03,2766.38,2111.27,39.2,94,94
DEL-12133,Mechanical Equipment,Construction & Erection,19261.51,14142.76,13106.73,73.4,89,81
DEL-12134,Civil & Structural,Construction & Erection,2652.73,1973.69,2614.13,74.4,31,25
DEL-12135,Electrical,Engineering & Design,1767.49,752.24,777.3,42.6,63,43
DEL-12136,Instrumentation & Control,Pre-Commissioning,2401.04,2039.63,1905.22,84.9,17,14
DEL-12137,Piping & Layout,Procurement & Fabrication,1687.06,914.93,1111.92,54.2,97,101
DEL-12138,Electrical,Construction & Erection,14318.76,10998.62,11529.68,76.8,102,120
DEL-12139,Piping & Layout,Construction & Erection,16965.06,15145.06,14959.59,89.3,69,95
DEL-12140,Instrumentation & Control,Construction & Erection,6349.77,4298.34,4594.3,67.7,86,97
DEL-12141,Electrical,Pre-Commissioning,13056.43,10225.56,9625.15,78.3,114,134
DEL-12142,Civil & Structural,Procurement & Fabrication,5470.73,453.95,402.82,8.3,54,75
DEL-12143,Electrical,Construction & Erection,4554.68,1498.12,1532.51,32.9,80,90
DEL-12144,Piping & Layout,Engineering & Design,3765.25,2563.61,2277.39,68.1,101,127
DEL-12145,Civil & Structural,Construction & Erection,3834.09,2079.27,2165.78,54.2,54,53
DEL-12146,Electrical,Construction & Erection,1424.76,1133.34,1238.92,79.5,44,53
DEL-12147,Civil & Structural,Construction & Erection,6071.76,2426.9,2834.52,40.0,39,43
DEL-12148,Civil & Structural,Engineering & Design,4758.71,1254.03,1516.36,26.4,21,21
DEL-12149,Civil & Structural,Construction & Erection,8922.12,1176.3,1151.76,13.2,106,145
DEL-12150,Electrical,Engineering & Design,5296.59,4765.57,5313.19,90.0,119,98
DEL-12151,Piping & Layout,Engineering & Design,4314.93,3635.92,4049.98,84.3,64,57
DEL-12152,Piping & Layout,Construction & Erection,2448.05,673.49,733.55,27.5,95,123
DEL-12153,Electrical,Procurement & Fabrication,5206.81,3184.88,3083.22,61.2,110,138
DEL-12154,Electrical,Construction & Erection,8871.42,5267.7,4666.07,59.4,15,16
DEL-12155,Piping & Layout,Procurement & Fabrication,1969.09,676.21,754.18,34.3,105,118
DEL-12156,Piping & Layout,Engineering & Design,5271.02,1851.41,1451.45,35.1,58,67
DEL-12157,Piping & Layout,Construction & Erection,5922.03,2717.01,2716.53,45.9,114,129
DEL-12158,Piping & Layout,Procurement & Fabrication,2767.08,2366.98,1656.89,85.5,63,70
DEL-12159,Civil & Structural,Engineering & Design,3070.87,2721.57,2284.86,88.6,21,19
DEL-12160,Electrical,Construction & Erection,5910.52,5342.72,4853.49,90.4,17,22
DEL-12161,Mechanical Equipment,Procurement & Fabrication,1984.78,1161.74,1399.32,58.5,108,110
DEL-12162,Mechanical Equipment,Construction & Erection,6502.48,2323.96,2656.79,35.7,15,13
DEL-12163,Civil & Structural,Procurement & Fabrication,2401.18,1495.64,1431.2,62.3,65,71
DEL-12164,Electrical,Construction & Erection,11502.08,10184.82,11706.49,88.5,112,126
DEL-12165,Civil & Structural,Construction & Erection,31896.84,27347.33,32082.34,85.7,52,59
DEL-12166,Instrumentation & Control,Construction & Erection,2468.57,484.95,492.66,19.6,57,72
DEL-12167,Mechanical Equipment,Engineering & Design,7535.39,4365.68,3633.74,57.9,69,68
DEL-12168,Piping & Layout,Construction & Erection,2747.94,620.65,626.12,22.6,71,74
DEL-12169,Mechanical Equipment,Construction & Erection,11302.32,8649.67,8868.65,76.5,67,60
DEL-12170,Piping & Layout,Construction & Erection,1786.11,702.27,600.53,39.3,114,126
DEL-12171,Mechanical Equipment,Procurement & Fabrication,7218.98,3161.55,3462.07,43.8,47,42
DEL-12172,Piping & Layout,Construction & Erection,2444.53,1862.43,2015.1,76.2,94,89
DEL-12173,Piping & Layout,Construction & Erection,4164.75,303.78,336.21,7.3,76,96
DEL-12174,Instrumentation & Control,Engineering & Design,2154.21,909.58,984.02,42.2,116,126
DEL-12175,Piping & Layout,Procurement & Fabrication,9488.92,2454.56,2821.45,25.9,25,34
DEL-12176,Electrical,Construction & Erection,2515.98,1011.57,1024.82,40.2,86,111
DEL-12177,Piping & Layout,Engineering & Design,7643.2,5559.57,5950.23,72.7,66,73
DEL-12178,Mechanical Equipment,Pre-Commissioning,3732.08,3024.31,2964.85,81.0,15,17
DEL-12179,Mechanical Equipment,Construction & Erection,4484.68,4056.5,3863.1,90.5,28,28
DEL-12180,Civil & Structural,Construction & Erection,5531.45,3587.79,4451.51,64.9,108,137
DEL-12181,Piping & Layout,Engineering & Design,2671.89,1931.9,1416.92,72.3,99,112
DEL-12182,Piping & Layout,Engineering & Design,5815.57,2304.56,2699.82,39.6,35,43
DEL-12183,Piping & Layout,Pre-Commissioning,16718.44,1079.66,1022.35,6.5,48,45
DEL-12184,Piping & Layout,Engineering & Design,2637.33,1436.96,1332.77,54.5,116,91
DEL-12185,Mechanical Equipment,Construction & Erection,12549.65,7529.23,8125.83,60.0,104,121
DEL-12186,Instrumentation & Control,Procurement & Fabrication,16292.79,7906.36,6456.01,48.5,119,143
DEL-12187,Instrumentation & Control,Engineering & Design,2558.24,1710.22,1569.29,66.9,28,30
DEL-12188,Electrical,Engineering & Design,1534.49,875.98,799.44,57.1,54,63
DEL-12189,Electrical,Procurement & Fabrication,6257.7,2538.49,2555.73,40.6,49,44
DEL-12190,Mechanical Equipment,Pre-Commissioning,3171.86,2137.53,1965.2,67.4,56,70
DEL-12191,Piping & Layout,Procurement & Fabrication,21914.03,16525.78,21155.77,75.4,96,124
DEL-12192,Instrumentation & Control,Procurement & Fabrication,5053.55,3761.62,4926.04,74.4,34,43
DEL-12193,Mechanical Equipment,Procurement & Fabrication,2586.96,1664.84,1226.49,64.4,74,80
DEL-12194,Mechanical Equipment,Procurement & Fabrication,1963.08,1321.94,1482.76,67.3,23,30
DEL-12195,Piping & Layout,Procurement & Fabrication,11753.71,2899.68,3389.14,24.7,119,99
DEL-12196,Civil & Structural,Construction & Erection,3112.1,1807.89,2027.46,58.1,47,55
DEL-12197,Civil & Structural,Procurement & Fabrication,5090.15,3957.17,3724.81,77.7,63,76
DEL-12198,Instrumentation & Control,Procurement & Fabrication,10558.03,4029.95,4043.59,38.2,82,95
DEL-12199,Civil & Structural,Engineering & Design,3336.22,2746.09,2547.71,82.3,18,16
DEL-12200,Civil & Structural,Pre-Commissioning,4737.46,2161.75,2111.95,45.6,62,69
DEL-12201,Instrumentation & Control,Engineering & Design,4850.05,4678.37,4016.41,96.5,30,30
DEL-12202,Piping & Layout,Engineering & Design,8490.13,3284.67,3359.5,38.7,61,41
DEL-12203,Civil & Structural,Construction & Erection,7884.04,2712.2,2209.3,34.4,40,33
DEL-12204,Piping & Layout,Construction & Erection,4121.24,3540.6,3575.93,85.9,84,109
DEL-12205,Electrical,Procurement & Fabrication,5171.51,2312.92,1972.26,44.7,51,50
DEL-12206,Instrumentation & Control,Procurement & Fabrication,3650.34,3275.79,3508.45,89.7,36,46
DEL-12207,Piping & Layout,Construction & Erection,1507.05,1050.93,985.87,69.7,117,151
DEL-12208,Instrumentation & Control,Engineering & Design,6039.53,5047.45,5469.35,83.6,21,25
DEL-12209,Piping & Layout,Construction & Erection,22331.5,9896.68,11898.16,44.3,56,52
DEL-12210,Instrumentation & Control,Construction & Erection,2423.64,1542.87,1972.44,63.7,44,55
DEL-12211,Electrical,Procurement & Fabrication,2648.04,1581.7,1107.19,59.7,88,97
DEL-12212,Electrical,Procurement & Fabrication,2448.96,1929.48,1765.23,78.8,93,99
DEL-12213,Piping & Layout,Engineering & Design,8775.1,1019.07,1013.5,11.6,20,18
DEL-12214,Instrumentation & Control,Construction & Erection,7035.95,5864.29,6503.79,83.3,38,36
DEL-12215,Electrical,Procurement & Fabrication,4329.34,2502.54,1983.13,57.8,80,70
DEL-12216,Piping & Layout,Procurement & Fabrication,2358.04,1707.49,1524.25,72.4,54,68
DEL-12217,Electrical,Construction & Erection,5291.73,2766.72,2931.49,52.3,29,40
DEL-12218,Piping & Layout,Pre-Commissioning,1405.72,1216.03,1280.16,86.5,67,83
DEL-12219,Instrumentation & Control,Procurement & Fabrication,5512.32,1224.46,1342.8,22.2,99,109
DEL-12220,Piping & Layout,Pre-Commissioning,9869.65,7226.54,7996.54,73.2,96,96
DEL-12221,Electrical,Procurement & Fabrication,1806.31,1693.47,1847.22,93.8,19,22
DEL-12222,Civil & Structural,Engineering & Design,1442.29,415.96,444.68,28.8,103,101
DEL-12223,Piping & Layout,Engineering & Design,17388.26,1844.86,1934.08,10.6,50,53
DEL-12224,Piping & Layout,Procurement & Fabrication,3012.7,2667.07,3039.7,88.5,88,79
DEL-12225,Piping & Layout,Engineering & Design,12194.72,10017.54,7053.36,82.1,60,71
DEL-12226,Civil & Structural,Engineering & Design,4345.09,2011.2,2557.54,46.3,37,44
DEL-12227,Piping & Layout,Pre-Commissioning,4317.52,2452.77,1739.82,56.8,102,127
DEL-12228,Mechanical Equipment,Construction & Erection,6979.48,5064.78,4447.51,72.6,59,69
DEL-12229,Piping & Layout,Construction & Erection,2423.09,2019.21,2031.3,83.3,24,28
DEL-12230,Piping & Layout,Engineering & Design,5464.34,3855.53,4398.74,70.6,68,58
DEL-12231,Electrical,Engineering & Design,3622.1,1181.07,826.75,32.6,84,71
DEL-12232,Piping & Layout,Engineering & Design,1708.9,532.41,551.46,31.2,91,102
DEL-12233,Instrumentation & Control,Construction & Erection,6438.08,5465.13,6333.32,84.9,99,127
DEL-12234,Instrumentation & Control,Pre-Commissioning,3981.26,789.48,938.83,19.8,46,46
DEL-12235,Mechanical Equipment,Procurement & Fabrication,4334.58,3464.54,3240.73,79.9,57,60
DEL-12236,Mechanical Equipment,Engineering & Design,1866.6,816.9,812.72,43.8,29,31
DEL-12237,Instrumentation & Control,Procurement & Fabrication,17555.46,1497.71,1419.2,8.5,80,55
DEL-12238,Piping & Layout,Procurement & Fabrication,9910.71,7202.32,7066.19,72.7,29,32
DEL-12239,Piping & Layout,Procurement & Fabrication,10628.82,6158.71,5451.85,57.9,95,90
DEL-12240,Piping & Layout,Construction & Erection,3849.29,2365.3,2144.41,61.4,34,40
DEL-12241,Electrical,Construction & Erection,1232.32,525.44,580.7,42.6,64,67
DEL-12242,Piping & Layout,Engineering & Design,23443.16,22449.3,23790.48,95.8,20,20
DEL-12243,Mechanical Equipment,Engineering & Design,4680.32,2700.95,3008.15,57.7,93,96
DEL-12244,Instrumentation & Control,Pre-Commissioning,2699.87,1431.74,1534.97,53.0,31,31
DEL-12245,Instrumentation & Control,Engineering & Design,6859.85,3615.49,4142.08,52.7,40,32
DEL-12246,Civil & Structural,Engineering & Design,12502.66,3782.17,4431.69,30.3,36,45
DEL-12247,Piping & Layout,Engineering & Design,4824.97,3320.98,2586.19,68.8,87,81
DEL-12248,Electrical,Engineering & Design,13668.65,6321.79,5764.55,46.3,78,75
DEL-12249,Mechanical Equipment,Procurement & Fabrication,11688.96,341.97,343.78,2.9,90,97
DEL-12250,Piping & Layout,Construction & Erection,2077.45,746.47,773.79,35.9,100,84
DEL-12251,Piping & Layout,Procurement & Fabrication,2866.85,2395.37,2250.42,83.6,72,69
DEL-12252,Instrumentation & Control,Procurement & Fabrication,10572.69,8215.78,9668.35,77.7,101,146
DEL-12253,Mechanical Equipment,Construction & Erection,561.11,192.77,257.73,34.4,51,57
DEL-12254,Electrical,Procurement & Fabrication,4360.91,3596.51,3840.8,82.5,92,82
DEL-12255,Instrumentation & Control,Construction & Erection,1564.52,1361.15,1432.82,87.0,102,66
DEL-12256,Mechanical Equipment,Construction & Erection,3356.85,3057.69,3569.6,91.1,86,108
DEL-12257,Civil & Structural,Engineering & Design,3869.75,3223.93,2450.59,83.3,104,89
DEL-12258,Civil & Structural,Construction & Erection,3690.08,1869.03,1951.77,50.6,110,105
DEL-12259,Piping & Layout,Procurement & Fabrication,3159.57,2265.97,2689.38,71.7,42,41
DEL-12260,Civil & Structural,Pre-Commissioning,2043.23,1357.75,1281.08,66.5,110,97
DEL-12261,Electrical,Procurement & Fabrication,30746.43,27857.38,23846.36,90.6,100,104
DEL-12262,Mechanical Equipment,Pre-Commissioning,21894.04,14485.16,14660.85,66.2,63,60
DEL-12263,Instrumentation & Control,Construction & Erection,1939.81,492.16,507.37,25.4,87,103
DEL-12264,Civil & Structural,Engineering & Design,17425.56,2122.59,1918.19,12.2,81,88
DEL-12265,Mechanical Equipment,Procurement & Fabrication,3570.38,2872.73,3890.89,80.5,103,139
DEL-12266,Mechanical Equipment,Pre-Commissioning,5449.89,2908.18,2815.68,53.4,117,158
DEL-12267,Mechanical Equipment,Construction & Erection,4672.18,3127.33,2711.24,66.9,90,78
DEL-12268,Electrical,Engineering & Design,2899.23,898.1,921.41,31.0,107,106
DEL-12269,Piping & Layout,Construction & Erection,10797.63,1266.86,1490.05,11.7,81,121
DEL-12270,Civil & Structural,Procurement & Fabrication,5435.51,3825.78,3988.8,70.4,55,46
DEL-12271,Piping & Layout,Engineering & Design,3356.85,2960.03,3294.04,88.2,60,73
DEL-12272,Civil & Structural,Procurement & Fabrication,1730.78,999.35,908.69,57.7,101,118
DEL-12273,Civil & Structural,Engineering & Design,2404.56,1752.78,2214.03,72.9,101,90
DEL-12274,Mechanical Equipment,Construction & Erection,1321.99,704.5,792.04,53.3,69,62
DEL-12275,Instrumentation & Control,Procurement & Fabrication,4963.07,4101.14,4909.71,82.6,96,137
DEL-12276,Mechanical Equipment,Construction & Erection,1886.86,1440.77,1577.32,76.4,25,36
DEL-12277,Electrical,Engineering & Design,3974.09,3224.52,3752.48,81.1,114,131
DEL-12278,Civil & Structural,Procurement & Fabrication,14707.04,9405.52,8550.01,64.0,40,31
DEL-12279,Mechanical Equipment,Engineering & Design,12828.69,5187.39,5012.52,40.4,86,113
DEL-12280,Piping & Layout,Engineering & Design,4789.49,2765.86,3435.12,57.7,106,83
DEL-12281,Piping & Layout,Engineering & Design,4584.02,3456.35,4403.25,75.4,96,115
DEL-12282,Civil & Structural,Engineering & Design,22112.53,13748.82,11933.15,62.2,27,20
DEL-12283,Civil & Structural,Construction & Erection,7454.74,3044.04,3279.84,40.8,50,53
DEL-12284,Piping & Layout,Engineering & Design,3781.04,2686.1,2619.91,71.0,118,146
DEL-12285,Piping & Layout,Procurement & Fabrication,1570.56,660.01,617.4,42.0,78,39
DEL-12286,Piping & Layout,Procurement & Fabrication,6735.17,3024.15,3274.33,44.9,65,62
DEL-12287,Instrumentation & Control,Construction & Erection,9542.01,7807.01,9455.42,81.8,90,98
DEL-12288,Piping & Layout,Pre-Commissioning,2965.14,2667.28,2954.68,90.0,36,36
DEL-12289,Civil & Structural,Procurement & Fabrication,6204.08,1937.09,1921.73,31.2,74,69
DEL-12290,Piping & Layout,Procurement & Fabrication,3674.39,2818.7,3149.13,76.7,16,17
DEL-12291,Mechanical Equipment,Engineering & Design,4241.93,1765.66,1740.95,41.6,70,89
DEL-12292,Piping & Layout,Pre-Commissioning,671.65,365.24,402.42,54.4,54,72
DEL-12293,Piping & Layout,Engineering & Design,4115.74,504.53,630.39,12.3,42,50
DEL-12294,Civil & Structural,Engineering & Design,10673.25,9510.03,6927.35,89.1,91,125
DEL-12295,Piping & Layout,Engineering & Design,2965.73,2779.33,3222.87,93.7,111,106
DEL-12296,Piping & Layout,Procurement & Fabrication,5125.69,4741.79,3836.78,92.5,17,20
DEL-12297,Piping & Layout,Engineering & Design,2684.47,2166.67,2652.55,80.7,77,66
DEL-12298,Piping & Layout,Construction & Erection,6557.43,2710.26,2559.7,41.3,112,184
DEL-12299,Piping & Layout,Engineering & Design,4133.09,2300.1,1971.99,55.7,37,40
DEL-12300,Piping & Layout,Construction & Erection,2318.34,703.38,804.87,30.3,69,84
DEL-12301,Electrical,Engineering & Design,14271.8,11427.63,12508.98,80.1,46,33
DEL-12302,Mechanical Equipment,Engineering & Design,10333.49,6733.41,5993.55,65.2,98,119
DEL-12303,Civil & Structural,Pre-Commissioning,3029.26,1872.2,1595.21,61.8,42,45
DEL-12304,Piping & Layout,Engineering & Design,7319.01,5094.86,5155.38,69.6,22,25
DEL-12305,Instrumentation & Control,Construction & Erection,7554.73,3112.6,2674.93,41.2,17,18
DEL-12306,Civil & Structural,Procurement & Fabrication,8216.02,3616.02,3184.91,44.0,108,112
DEL-12307,Piping & Layout,Engineering & Design,1267.24,451.44,477.32,35.6,103,103
DEL-12308,Mechanical Equipment,Pre-Commissioning,10995.98,5955.09,5330.52,54.2,67,70
DEL-12309,Piping & Layout,Engineering & Design,3115.8,1497.0,1652.66,48.0,108,146
DEL-12310,Piping & Layout,Construction & Erection,3691.31,1671.76,2112.31,45.3,43,42
DEL-12311,Civil & Structural,Engineering & Design,40550.58,30991.53,31540.6,76.4,108,163
DEL-12312,Instrumentation & Control,Construction & Erection,6257.27,5515.47,5843.76,88.1,112,120
DEL-12313,Civil & Structural,Engineering & Design,3608.12,3117.08,4185.35,86.4,103,138
DEL-12314,Electrical,Procurement & Fabrication,841.99,630.61,543.5,74.9,95,122
DEL-12315,Instrumentation & Control,Construction & Erection,14940.21,7554.16,9206.14,50.6,73,55
DEL-12316,Piping & Layout,Pre-Commissioning,1675.44,1156.56,1388.6,69.0,38,30
DEL-12317,Piping & Layout,Pre-Commissioning,2202.28,866.57,1012.28,39.3,52,48
DEL-12318,Civil & Structural,Construction & Erection,3770.33,3390.11,4182.59,89.9,42,32
DEL-12319,Civil & Structural,Construction & Erection,15262.12,8301.55,8983.0,54.4,111,108
DEL-12320,Civil & Structural,Engineering & Design,9123.35,7828.35,7456.98,85.8,76,81
DEL-12321,Instrumentation & Control,Engineering & Design,4331.76,3248.95,3912.34,75.0,114,136
DEL-12322,Electrical,Engineering & Design,6289.48,3578.24,4329.41,56.9,65,71
DEL-12323,Mechanical Equipment,Procurement & Fabrication,3040.24,2026.42,2443.45,66.7,21,22
DEL-12324,Piping & Layout,Procurement & Fabrication,5495.71,4899.4,5128.08,89.1,37,47
DEL-12325,Electrical,Procurement & Fabrication,5211.74,2109.59,1967.34,40.5,60,74
DEL-12326,Instrumentation & Control,Engineering & Design,10668.13,5409.99,5781.68,50.7,104,150
DEL-12327,Electrical,Construction & Erection,10654.55,3087.44,3647.3,29.0,92,101
DEL-12328,Piping & Layout,Engineering & Design,7296.73,6376.01,7610.74,87.4,42,24
DEL-12329,Mechanical Equipment,Procurement & Fabrication,3677.99,1632.49,1592.58,44.4,38,44
DEL-12330,Piping & Layout,Procurement & Fabrication,8896.9,8201.82,8917.89,92.2,21,32
DEL-12331,Piping & Layout,Construction & Erection,4566.15,4246.99,3583.12,93.0,114,144
DEL-12332,Piping & Layout,Construction & Erection,2068.27,753.02,894.4,36.4,117,153
DEL-12333,Mechanical Equipment,Construction & Erection,3559.48,1357.79,1252.57,38.1,93,100
DEL-12334,Mechanical Equipment,Engineering & Design,5258.61,4447.2,5148.92,84.6,63,78
DEL-12335,Piping & Layout,Procurement & Fabrication,10179.92,6557.61,5689.41,64.4,17,22
DEL-12336,Civil & Structural,Engineering & Design,4243.64,175.95,210.21,4.1,16,16
DEL-12337,Civil & Structural,Procurement & Fabrication,1868.03,1026.85,1117.5,55.0,21,20
DEL-12338,Civil & Structural,Procurement & Fabrication,5143.01,2907.45,2682.99,56.5,94,108
DEL-12339,Piping & Layout,Engineering & Design,5381.73,4197.83,4801.07,78.0,35,44
DEL-12340,Civil & Structural,Engineering & Design,5702.56,1642.24,1562.5,28.8,23,12
DEL-12341,Electrical,Pre-Commissioning,10258.86,9993.39,11516.71,97.4,26,27
DEL-12342,Piping & Layout,Pre-Commissioning,11104.87,8701.2,8691.48,78.4,107,72
DEL-12343,Piping & Layout,Procurement & Fabrication,3055.29,1746.76,1365.69,57.2,38,39
DEL-12344,Civil & Structural,Engineering & Design,3002.15,2882.23,2572.79,96.0,47,66
DEL-12345,Instrumentation & Control,Engineering & Design,2138.46,1556.65,1518.41,72.8,92,86
DEL-12346,Mechanical Equipment,Procurement & Fabrication,8596.0,3615.79,4502.49,42.1,57,57
DEL-12347,Mechanical Equipment,Pre-Commissioning,15662.99,14314.24,16821.68,91.4,96,114
DEL-12348,Civil & Structural,Engineering & Design,3819.73,3618.38,4644.48,94.7,19,24
DEL-12349,Mechanical Equipment,Construction & Erection,4051.55,1461.32,1882.25,36.1,93,116
DEL-12350,Piping & Layout,Engineering & Design,15889.69,11972.86,11491.4,75.3,85,91
DEL-12351,Mechanical Equipment,Pre-Commissioning,7364.65,5834.64,5903.06,79.2,103,121
DEL-12352,Instrumentation & Control,Procurement & Fabrication,6967.34,3789.22,3707.03,54.4,28,33
DEL-12353,Mechanical Equipment,Construction & Erection,1895.55,292.73,274.95,15.4,118,108
DEL-12354,Instrumentation & Control,Procurement & Fabrication,8458.97,4756.84,3633.16,56.2,50,35
DEL-12355,Electrical,Construction & Erection,2337.16,1427.37,1481.31,61.1,49,43
DEL-12356,Piping & Layout,Engineering & Design,1983.83,1552.41,1315.15,78.3,64,86
DEL-12357,Instrumentation & Control,Engineering & Design,3724.11,1242.9,1286.25,33.4,102,153
DEL-12358,Piping & Layout,Pre-Commissioning,3075.94,1216.32,1650.99,39.5,93,97
DEL-12359,Civil & Structural,Pre-Commissioning,4116.34,644.35,620.89,15.7,25,34
DEL-12360,Piping & Layout,Construction & Erection,1551.87,1133.74,1212.21,73.1,38,38
DEL-12361,Piping & Layout,Construction & Erection,10583.52,9013.29,10599.61,85.2,89,101
DEL-12362,Civil & Structural,Construction & Erection,12114.39,8558.8,9261.0,70.6,58,54
DEL-12363,Piping & Layout,Engineering & Design,1034.97,193.32,209.54,18.7,65,82
DEL-12364,Civil & Structural,Procurement & Fabrication,10751.13,3686.23,3633.29,34.3,31,29
DEL-12365,Mechanical Equipment,Procurement & Fabrication,2569.78,1373.67,1380.84,53.5,84,74
DEL-12366,Piping & Layout,Construction & Erection,9755.44,8070.05,7230.75,82.7,99,106
DEL-12367,Piping & Layout,Procurement & Fabrication,4652.89,4516.06,5269.82,97.1,22,27
DEL-12368,Mechanical Equipment,Engineering & Design,5029.22,1606.81,1251.34,31.9,93,102
DEL-12369,Piping & Layout,Construction & Erection,4238.32,2828.12,3353.19,66.7,110,106
DEL-12370,Electrical,Construction & Erection,12961.04,9772.57,8105.81,75.4,88,77
DEL-12371,Mechanical Equipment,Procurement & Fabrication,1823.17,336.47,398.51,18.5,42,30
DEL-12372,Electrical,Engineering & Design,7992.61,2487.42,2454.9,31.1,93,90
DEL-12373,Mechanical Equipment,Engineering & Design,11861.63,10495.56,8976.01,88.5,26,27
DEL-12374,Civil & Structural,Engineering & Design,8717.36,1015.58,1144.45,11.7,57,67
DEL-12375,Mechanical Equipment,Engineering & Design,31563.58,6519.92,7689.05,20.7,96,79
DEL-12376,Piping & Layout,Construction & Erection,3219.05,3018.03,2940.43,93.8,51,61
DEL-12377,Piping & Layout,Construction & Erection,10570.73,6344.21,7283.73,60.0,102,96
DEL-12378,Electrical,Construction & Erection,4514.85,1102.07,771.45,24.4,77,74
DEL-12379,Civil & Structural,Procurement & Fabrication,13183.55,5424.56,4566.99,41.1,115,151
DEL-12380,Electrical,Construction & Erection,4884.63,3251.26,4011.6,66.6,107,60
DEL-12381,Electrical,Engineering & Design,3603.64,2795.69,2813.72,77.6,77,63
DEL-12382,Instrumentation & Control,Procurement & Fabrication,13972.66,11734.08,8925.74,84.0,24,26
DEL-12383,Instrumentation & Control,Construction & Erection,3316.78,794.91,743.38,24.0,92,97
DEL-12384,Civil & Structural,Engineering & Design,1587.35,915.25,825.08,57.7,94,68
DEL-12385,Piping & Layout,Engineering & Design,3250.36,1156.87,1174.35,35.6,51,49
DEL-12386,Mechanical Equipment,Construction & Erection,8064.49,2040.9,2009.04,25.3,25,31
DEL-12387,Civil & Structural,Procurement & Fabrication,14967.42,7925.64,8455.38,53.0,104,86
DEL-12388,Mechanical Equipment,Construction & Erection,5371.72,3444.48,3546.36,64.1,118,151
DEL-12389,Electrical,Engineering & Design,14108.85,5386.64,6700.77,38.2,33,30
DEL-12390,Mechanical Equipment,Construction & Erection,1658.15,557.19,614.96,33.6,66,45
DEL-12391,Civil & Structural,Procurement & Fabrication,3447.45,1570.13,1740.72,45.5,32,39
DEL-12392,Piping & Layout,Engineering & Design,3901.59,3371.13,4095.16,86.4,108,120
DEL-12393,Civil & Structural,Construction & Erection,4484.37,2374.58,2331.09,53.0,46,35
DEL-12394,Piping & Layout,Engineering & Design,5256.79,1603.4,1364.04,30.5,37,35
DEL-12395,Instrumentation & Control,Procurement & Fabrication,8541.81,6952.57,8489.41,81.4,26,37
DEL-12396,Piping & Layout,Engineering & Design,3443.19,1744.95,1850.31,50.7,72,86
DEL-12397,Piping & Layout,Engineering & Design,5492.96,3121.43,3311.53,56.8,91,117
DEL-12398,Piping & Layout,Engineering & Design,4740.52,2652.13,2506.26,55.9,35,29
DEL-12399,Mechanical Equipment,Engineering & Design,2343.24,646.96,612.98,27.6,35,46
DEL-12400,Mechanical Equipment,Pre-Commissioning,4487.57,1210.76,1412.97,27.0,107,83
DEL-12401,Piping & Layout,Engineering & Design,4381.18,454.62,539.95,10.4,107,84
DEL-12402,Piping & Layout,Procurement & Fabrication,4306.74,327.15,378.7,7.6,105,129
DEL-12403,Civil & Structural,Engineering & Design,5041.24,3691.07,4277.74,73.2,43,34
DEL-12404,Piping & Layout,Procurement & Fabrication,5221.49,2291.44,2578.68,43.9,93,127
DEL-12405,Mechanical Equipment,Pre-Commissioning,3477.83,61.93,65.62,1.8,61,49
DEL-12406,Mechanical Equipment,Engineering & Design,13604.72,12657.53,12830.85,93.0,26,23
DEL-12407,Civil & Structural,Pre-Commissioning,1928.34,1784.24,2179.53,92.5,72,93
DEL-12408,Piping & Layout,Engineering & Design,2760.66,1411.56,1388.9,51.1,55,51
DEL-12409,Instrumentation & Control,Construction & Erection,45431.95,37320.77,40884.79,82.1,33,40
DEL-12410,Civil & Structural,Procurement & Fabrication,2142.24,1864.44,1714.16,87.0,26,22
DEL-12411,Mechanical Equipment,Construction & Erection,1664.03,1111.56,1046.1,66.8,37,37
DEL-12412,Piping & Layout,Construction & Erection,8844.77,3105.34,3119.55,35.1,19,23
DEL-12413,Civil & Structural,Procurement & Fabrication,932.91,529.96,487.25,56.8,40,36
DEL-12414,Piping & Layout,Engineering & Design,4071.56,1788.15,2073.68,43.9,77,97
DEL-12415,Civil & Structural,Engineering & Design,27355.15,9759.3,8176.29,35.7,66,65
DEL-12416,Instrumentation & Control,Pre-Commissioning,1428.03,1043.73,1101.02,73.1,24,26
DEL-12417,Civil & Structural,Procurement & Fabrication,1006.7,786.24,833.32,78.1,100,86
DEL-12418,Piping & Layout,Procurement & Fabrication,1481.27,993.88,763.68,67.1,53,48
DEL-12419,Piping & Layout,Construction & Erection,10083.82,2120.83,2065.37,21.0,37,33
DEL-12420,Civil & Structural,Procurement & Fabrication,12086.22,3486.87,3760.08,28.8,25,23
DEL-12421,Piping & Layout,Pre-Commissioning,3261.46,3022.13,3337.37,92.7,106,145
DEL-12422,Piping & Layout,Construction & Erection,8489.37,927.58,936.26,10.9,109,140
DEL-12423,Electrical,Construction & Erection,14946.08,8822.08,10070.69,59.0,86,99
DEL-12424,Civil & Structural,Construction & Erection,20534.82,8769.8,8976.79,42.7,117,109
DEL-12425,Piping & Layout,Engineering & Design,4035.69,2581.39,2689.93,64.0,62,55
DEL-12426,Instrumentation & Control,Engineering & Design,779.63,663.53,715.12,85.1,106,92
DEL-12427,Piping & Layout,Procurement & Fabrication,2548.59,1994.57,2351.69,78.3,30,30
DEL-12428,Instrumentation & Control,Engineering & Design,3493.14,2891.85,2714.42,82.8,60,67
DEL-12429,Piping & Layout,Construction & Erection,3995.2,2758.75,2667.64,69.1,61,72
DEL-12430,Instrumentation & Control,Pre-Commissioning,4228.96,2928.17,2751.5,69.2,109,116
DEL-12431,Mechanical Equipment,Procurement & Fabrication,12029.48,9529.19,9435.52,79.2,119,140
DEL-12432,Electrical,Procurement & Fabrication,13623.38,11369.35,14256.43,83.5,62,77
DEL-12433,Instrumentation & Control,Pre-Commissioning,4284.08,2543.07,2863.26,59.4,94,93
DEL-12434,Piping & Layout,Procurement & Fabrication,11834.66,10088.83,8780.68,85.2,83,106
DEL-12435,Instrumentation & Control,Procurement & Fabrication,6542.86,5332.5,5065.52,81.5,113,98
DEL-12436,Civil & Structural,Procurement & Fabrication,5175.05,1387.48,1520.57,26.8,39,46
DEL-12437,Civil & Structural,Pre-Commissioning,10150.06,3318.65,3000.14,32.7,91,97
DEL-12438,Piping & Layout,Construction & Erection,5207.22,3828.17,3564.78,73.5,107,117
DEL-12439,Civil & Structural,Construction & Erection,25495.29,22861.14,28387.68,89.7,105,104
DEL-12440,Piping & Layout,Construction & Erection,1555.06,662.51,628.05,42.6,118,155
DEL-12441,Mechanical Equipment,Procurement & Fabrication,3254.73,1835.98,2172.33,56.4,95,89
DEL-12442,Civil & Structural,Procurement & Fabrication,4441.67,3213.04,3946.58,72.3,51,68
DEL-12443,Electrical,Construction & Erection,6985.29,498.22,463.33,7.1,116,155
DEL-12444,Electrical,Procurement & Fabrication,13553.07,9164.15,8307.35,67.6,77,89
DEL-12445,Civil & Structural,Construction & Erection,4819.77,1785.51,1782.97,37.0,43,43
DEL-12446,Piping & Layout,Pre-Commissioning,1575.32,972.88,852.93,61.8,72,64
DEL-12447,Piping & Layout,Construction & Erection,9643.23,1346.05,1424.33,14.0,112,74
DEL-12448,Piping & Layout,Construction & Erection,8990.89,2982.88,3010.18,33.2,108,126
DEL-12449,Piping & Layout,Construction & Erection,1039.52,719.86,787.59,69.2,45,38
DEL-12450,Piping & Layout,Construction & Erection,4899.83,2535.04,3167.64,51.7,100,87
DEL-12451,Piping & Layout,Procurement & Fabrication,1377.31,567.97,660.34,41.2,103,121
DEL-12452,Instrumentation & Control,Engineering & Design,2887.88,1698.62,1891.22,58.8,82,80
DEL-12453,Mechanical Equipment,Procurement & Fabrication,2386.91,1716.78,1279.16,71.9,113,125
DEL-12454,Piping & Layout,Construction & Erection,9390.11,5743.81,6355.57,61.2,55,63
DEL-12455,Mechanical Equipment,Procurement & Fabrication,5396.27,1587.07,2060.64,29.4,64,88
DEL-12456,Piping & Layout,Construction & Erection,1757.29,384.76,269.33,21.9,58,64
DEL-12457,Civil & Structural,Procurement & Fabrication,9937.32,7735.1,8844.37,77.8,23,22
DEL-12458,Mechanical Equipment,Construction & Erection,1560.8,940.27,955.41,60.2,73,76
DEL-12459,Civil & Structural,Engineering & Design,6400.24,4436.33,4048.29,69.3,104,98
DEL-12460,Civil & Structural,Construction & Erection,2562.64,1147.77,1331.6,44.8,105,151
DEL-12461,Instrumentation & Control,Procurement & Fabrication,3668.21,2751.94,3567.77,75.0,41,47
DEL-12462,Instrumentation & Control,Engineering & Design,7357.07,5138.74,5941.84,69.8,96,113
DEL-12463,Mechanical Equipment,Engineering & Design,7458.87,3588.9,3532.63,48.1,108,144
DEL-12464,Mechanical Equipment,Construction & Erection,14322.33,11012.5,9894.51,76.9,73,65
DEL-12465,Mechanical Equipment,Procurement & Fabrication,4601.77,1127.61,1197.18,24.5,109,84
DEL-12466,Piping & Layout,Engineering & Design,6280.22,5066.7,5932.99,80.7,17,18
DEL-12467,Civil & Structural,Pre-Commissioning,3462.72,2895.69,2843.4,83.6,107,83
DEL-12468,Piping & Layout,Construction & Erection,5685.03,3585.77,3573.02,63.1,21,21
DEL-12469,Civil & Structural,Pre-Commissioning,6985.48,3146.11,4603.7,45.0,96,60
DEL-12470,Civil & Structural,Procurement & Fabrication,4543.04,4255.5,5114.25,93.7,30,24
DEL-12471,Piping & Layout,Procurement & Fabrication,1160.96,533.92,647.39,46.0,63,82
DEL-12472,Instrumentation & Control,Construction & Erection,6407.19,1481.73,1216.44,23.1,46,52
DEL-12473,Instrumentation & Control,Procurement & Fabrication,6579.07,5115.71,4777.67,77.8,116,165
DEL-12474,Electrical,Construction & Erection,2852.24,2247.75,2362.84,78.8,103,109
DEL-12475,Civil & Structural,Engineering & Design,1758.98,843.79,750.83,48.0,58,61
DEL-12476,Instrumentation & Control,Procurement & Fabrication,16005.75,8194.77,10489.8,51.2,110,121
DEL-12477,Piping & Layout,Engineering & Design,7281.97,3959.96,4956.07,54.4,33,59
DEL-12478,Electrical,Engineering & Design,4091.78,3041.25,2919.5,74.3,17,22
DEL-12479,Piping & Layout,Engineering & Design,1979.05,1793.37,2344.99,90.6,74,66
DEL-12480,Electrical,Engineering & Design,2546.69,1028.9,1069.4,40.4,49,56
DEL-12481,Piping & Layout,Pre-Commissioning,13933.79,6387.04,9123.3,45.8,43,47
DEL-12482,Instrumentation & Control,Engineering & Design,5486.96,1629.48,1730.02,29.7,89,107
DEL-12483,Instrumentation & Control,Construction & Erection,3163.8,3008.13,3388.44,95.1,84,121
DEL-12484,Piping & Layout,Construction & Erection,7389.03,4728.19,5910.17,64.0,97,114
DEL-12485,Civil & Structural,Construction & Erection,2561.84,1173.4,1445.22,45.8,115,113
DEL-12486,Instrumentation & Control,Engineering & Design,16328.62,7133.47,7965.3,43.7,59,85
DEL-12487,Civil & Structural,Construction & Erection,14504.88,4316.49,4397.76,29.8,41,33
DEL-12488,Instrumentation & Control,Construction & Erection,3383.75,3050.93,3408.25,90.2,83,83
DEL-12489,Mechanical Equipment,Construction & Erection,2972.22,1664.46,1527.26,56.0,104,129
DEL-12490,Civil & Structural,Construction & Erection,605.16,244.3,259.65,40.4,49,44
DEL-12491,Piping & Layout,Pre-Commissioning,1502.27,1263.29,1103.61,84.1,33,35
DEL-12492,Piping & Layout,Construction & Erection,1683.15,743.11,574.33,44.1,31,29
DEL-12493,Electrical,Procurement & Fabrication,5476.12,3945.06,4132.7,72.0,49,52
DEL-12494,Civil & Structural,Construction & Erection,3785.8,1218.72,1498.22,32.2,91,84
DEL-12495,Civil & Structural,Engineering & Design,1675.27,856.0,1009.11,51.1,92,99
DEL-12496,Civil & Structural,Construction & Erection,3924.79,2165.17,2225.17,55.2,44,44
DEL-12497,Mechanical Equipment,Engineering & Design,7363.35,4094.5,5331.24,55.6,62,82
DEL-12498,Instrumentation & Control,Procurement & Fabrication,7497.1,3011.38,2874.79,40.2,71,81
DEL-12499,Instrumentation & Control,Construction & Erection,1075.2,900.52,677.49,83.8,31,37
DEL-12500,Civil & Structural,Construction & Erection,4435.47,2670.03,1902.89,60.2,115,125
